Participant,Station Name,Region,Dispatch Type,Category,Classification,Fuel Source - Primary,Fuel Source - Descriptor,Technology Type - Primary,Technology Type - Descriptor,Units,Aggregation,DUID,Reg Cap generation (MW),Max Cap generation (MW),Max ROC/Min generation,Reg Cap consumption (MW),Max Cap consumption (MW),Max ROC/Min consumption,Maximum storage capacity ,Comments
AGL Dalrymple Pty Limited,Dalrymple North BESS,SA1,Bidirectional Unit,Market,Scheduled,Battery storage,Grid,Storage,Battery,1-Dec,Y,DALNTH1,30,30,720,30,30,720,12.2,
South Australian Water Corporation,Adelaide Desalination Plant,SA1,Generating Unit,Market,Scheduled,Battery storage,Grid,Storage,Battery and Inverter,1-Mar,Y,ADPBA1G,7.76,6.15,2,,,,,
South Australian Water Corporation,Adelaide Desalination Plant,SA1,Load,Market,Scheduled,Battery storage,Grid,Storage,Battery and Inverter,1-Mar,Y,ADPBA1L,7.76,6.15,2,,,,,
South Australian Water Corporation,Adelaide Desalination Plant,SA1,Generating Unit,Market,Non-Scheduled,Hydro,Water,Renewable,Run of River,1-Feb,Y,ADPMH1,1.44,1,-,,,,,
South Australian Water Corporation,Adelaide Desalination Plant,SA1,Generating Unit,Market,Semi-Scheduled,Solar,Solar,Renewable,Photovoltaic Tracking Flat panel,"1-4, 5-9",Y,ADPPV1,24.75,19,4,,,,,
South Australian Water Corporation,Adelaide Desalination Plant,SA1,Generating Unit,Market,Non-Scheduled,Solar,Solar,Renewable,Photovoltaic Flat panel,1-Feb,Y,ADPPV2,0.2,0.2,-,,,,,
South Australian Water Corporation,Adelaide Desalination Plant,SA1,Generating Unit,Market,Non-Scheduled,Solar,Solar,Renewable,Photovoltaic Flat panel,1,Y,ADPPV3,0.02,0.02,-,,,,,
Aldoga Solar Farm Pty Ltd,Aldoga Solar Farm ,QLD1,Generating Unit,Market,Semi-Scheduled,Solar,Solar,Renewable,Photovoltalic Tracking Flat Panel,1-157,Y,ALDGASF1,535.213,387,77,,,,,
Snowy Hydro Limited,Angaston Power Station,SA1,Generating Unit,Market,Scheduled,Fossil,Diesel,Combustion,Compression Reciprocating Engine,Jan-30,Y,ANGAST1,50,50,14,,,,,
EDL Group Operations Pty Ltd,Appin Power Plant,NSW1,Generating Unit,Market,Non-Scheduled,Fossil,Waste Coal Mine Gas,Combustion,Spark Ignition Reciprocating Engine,Jan-54,N,APPIN,55.6,55,0,,,,,
Ararat Wind Farm Pty Ltd,Ararat Wind Farm,VIC1,Generating Unit,Market,Semi-Scheduled,Wind,Wind,Renewable,Wind - Onshore,Jan-75,Y,ARWF1,241.59,241,50,,,,,
Iberdrola Australia Energy Markets Pty Ltd,Avonlie Solar Farm,NSW1,Generating Unit,Market,Semi-Scheduled,Solar,Solar,Renewable,Photovoltaic Tracking Flat panel,Jan-70,Y,AVLSF1,254.1,190,38,,,,,
Alinta Energy Retail Sales Pty Ltd,Bairnsdale Power Station,VIC1,Generating Unit,Market,Scheduled,Fossil,Natural Gas,Combustion,Open Cycle Gas turbines (OCGT),1,Y,BDL01,46,48,4,,,,,
Alinta Energy Retail Sales Pty Ltd,Bairnsdale Power Station,VIC1,Generating Unit,Market,Scheduled,Fossil,Natural Gas,Combustion,Open Cycle Gas turbines (OCGT),2,Y,BDL02,46,48,4,,,,,
Birdwood Trading Pty Ltd,Baking Board Solar Farm,QLD1,Generating Unit,Market,Non-Scheduled,Solar,Solar,Renewable,Photovoltaic Tracking Flat panel,1-Jul,Y,BAKING1,17.5,14,,,,,,
Alinta Energy Retail Sales Pty Ltd,Bald Hills Wind Farm,VIC1,Generating Unit,Market,Semi-Scheduled,Wind,Wind,Renewable,Wind - Onshore,Jan-52,Y,BALDHWF1,106.6,106,600,,,,,
AGL Macquarie Pty Limited,Broken Hill Battery Energy Storage System,NSW1,Bidirectional Unit,Market,Scheduled,Battery storage,Grid,Storage,Battery and Inverter,Jan-44,Y,BHB1,66,50,20,66,50,20,50,
BWF Nominees Pty Ltd as The Trustee for BWF Trust,Bango 973 Wind Farm,NSW1,Generating Unit,Market,Semi-Scheduled,Wind,Wind,Renewable,Wind - Onshore,Jan-30,Y,BANGOWF1,159,155,31,,,,,
BWF Nominees Pty Ltd as The Trustee for BWF Trust,Bango 999 Wind Farm,NSW1,Generating Unit,Market,Semi-Scheduled,Wind,Wind,Renewable,Wind - Onshore,Jan-16,Y,BANGOWF2,84.8,82,17,,,,,
AGL Hydro Partnership,Banimboola Power Station,VIC1,Generating Unit,Market,Non-Scheduled,Hydro,Water,Renewable,Hydro - Gravity,1-Mar,Y,BAPS,12.85,13,,,,,,
Alinta Energy Retail Sales Pty Ltd,Bannerton Solar Park,VIC1,Generating Unit,Market,Semi-Scheduled,Solar,Solar,Renewable,Photovoltaic Tracking Flat panel,Jan-40,Y,BANN1,100,88,18,,,,,
Ergon Energy Queensland Pty Ltd,Barcaldine Power Station,QLD1,Generating Unit,Market,Scheduled,Fossil,Natural Gas,Combustion,Combined Cycle Gas Turbine (CCGT),1,Y,BARCALDN,37,37,3,,,,,
Diamond Energy Pty Ltd,Barcaldine Solar Farm,QLD1,Generating Unit,Market,Non-Scheduled,Solar,Solar,Renewable,Photovoltaic Tracking Flat panel,1-Feb,Y,BARCSF1,20,20,0,,,,,
AGL SA Generation Pty Limited,Barker Inlet Power Station,SA1,Generating Unit,Market,Scheduled,Fossil,Natural Gas,Combustion,Compression Reciprocating Engine,1-Dec,Y,BARKIPS1,211,210,42,,,,,
CleanCo Queensland Limited,Barron Gorge Power Station,QLD1,Generating Unit,Market,Scheduled,Hydro,Water,Renewable,Run of River,1,Y,BARRON-1,30,33,4,,,,,
CleanCo Queensland Limited,Barron Gorge Power Station,QLD1,Generating Unit,Market,Scheduled,Hydro,Water,Renewable,Run of River,2,Y,BARRON-2,30,33,4,,,,,
Basslink Pty Ltd,Basslink HVDC Link,TAS1,Generating Unit,Market,Non-Scheduled,,,,,1,N,BLNKTAS,478,478,,,,,,
Basslink Pty Ltd,Basslink HVDC Link,VIC1,Generating Unit,Market,Non-Scheduled,,,,,1,N,BLNKVIC,594,594,,,,,,
Hydro-Electric Corporation,Bastyan Power Station,TAS1,Generating Unit,Market,Scheduled,Hydro,Water,Renewable,Hydro - Gravity,1,Y,BASTYAN,79.9,88,40,,,,,
AGL Macquarie Pty Limited,Bayswater Power Station,NSW1,Generating Unit,Market,Scheduled,Fossil,Black Coal,Combustion,Steam Sub-Critical,1,Y,BW01,660,735,140,,,,,
AGL Macquarie Pty Limited,Bayswater Power Station,NSW1,Generating Unit,Market,Scheduled,Fossil,Black Coal,Combustion,Steam Sub-Critical,2,Y,BW02,660,760,140,,,,,
AGL Macquarie Pty Limited,Bayswater Power Station,NSW1,Generating Unit,Market,Scheduled,Fossil,Black Coal,Combustion,Steam Sub-Critical,3,Y,BW03,660,760,140,,,,,
AGL Macquarie Pty Limited,Bayswater Power Station,NSW1,Generating Unit,Market,Scheduled,Fossil,Black Coal,Combustion,Steam Sub-Critical,4,Y,BW04,660,760,140,,,,,
Hydro-Electric Corporation,Bell Bay Three Power Station,TAS1,Generating Unit,Market,Scheduled,Fossil,Natural Gas,Combustion,Open Cycle Gas turbines (OCGT),1,Y,BBTHREE1,35,49,10,,,,,
Hydro-Electric Corporation,Bell Bay Three Power Station,TAS1,Generating Unit,Market,Scheduled,Fossil,Natural Gas,Combustion,Open Cycle Gas turbines (OCGT),2,Y,BBTHREE2,35,49,10,,,,,
Hydro-Electric Corporation,Bell Bay Three Power Station,TAS1,Generating Unit,Market,Scheduled,Fossil,Natural Gas,Combustion,Open Cycle Gas turbines (OCGT),3,Y,BBTHREE3,35,49,10,,,,,
Hydro-Electric Corporation,Bell Bay Three Power Station,TAS1,Generating Unit,Market,Scheduled,Fossil,Natural Gas,Combustion,Open Cycle Gas turbines (OCGT),1,Y,TVPP104,58,58,10,,,,,
Berrybank 2 Asset Pty Ltd as trustee for Berrybank 2 Asset Trust,Berrybank 2 Wind Farm,VIC1,Generating Unit,Market,Semi-Scheduled,Wind,Wind,Renewable,Wind - Onshore,Jan-26,Y,BRYB2WF2,109,105,21,,,,,
Berrybank Development Pty Ltd,Berrybank Wind Farm,VIC1,Generating Unit,Market,Semi-Scheduled,Wind,Wind,Renewable,Wind - Onshore,Jan-43,Y,BRYB1WF1,180.6,175.9,36,,,,,
FS NSW Project No 1 At Pty Ltd ATF The FS NSW Project No 1 Asset Trust,Beryl Solar Farm,NSW1,Generating Unit,Market,Semi-Scheduled,Solar,Solar,Renewable,Photovoltaic Tracking Flat panel,Jan-60,Y,BERYLSF1,98,87,88,,,,,
Snowy Hydro Limited,Blowering Power Station,NSW1,Generating Unit,Market,Scheduled,Hydro,Water,Renewable,Hydro - Gravity,1,Y,BLOWERNG,80,80,10,,,,,
X-Elio Blue Grass Pty Ltd,Blue Grass Solar Farm,QLD1,Generating Unit,Market,Semi-Scheduled,Solar,Solar,Renewable,Photovoltaic Tracking Flat panel,1-112,Y,BLUEGSF1,183,148,30,,,,,
AGL SA Generation Pty Limited,Torrens Island BESS,SA1,Bidirectional Unit,Market,Scheduled,Battery Storage,Grid,Storage,Battery and Inverter,1-109,Y,TIB1,250,250,100,250,250,100,250,
Boco Rock Wind Farm Pty Ltd,Boco Rock Wind Farm,NSW1,Generating Unit,Market,Semi-Scheduled,Wind,Wind,Renewable,Wind - Onshore,Jan-67,N,BOCORWF1,113.18,111,201,,,,,
Bodangora Wind Farm Pty Limited,Bodangora Wind Farm ,NSW1,Generating Unit,Market,Semi-Scheduled,Wind,Wind,Renewable,Wind - Onshore,Jan-33,Y,BODWF1,113.19,111,50,,,,,
AGL Hydro Partnership,Bogong / Mackay Power Station,VIC1,Generating Unit,Market,Scheduled,Hydro,Water,Renewable,Hydro - Gravity,1-Jun,Y,MCKAY1,300,300,60,,,,,
Iberdrola Australia Energy Markets Pty Limited,Bolivar Power Station,SA1,Generating Unit,Market,Scheduled,Fossil,Natural Gas,Combustion,Open Cycle Gas turbines (OCGT),1-Apr,Y,BOLIVPS1,128,127,26,,,,,
South Australian Water Corporation,Bolivar Waste Water Treatment Plant,SA1,Generating Unit,Market,Non-Scheduled,Renewable/ Biomass / Waste,Sewerage / Waste Water,Renewable,Pump Storage,1-Mar,N,BOLIVAR1,9.9,10,0,,,,,
AGL Sales (Queensland Electricity) Pty Limited,Wandoan Battery Energy Storage System (BESS),QLD1,Bidirectional Unit,Market,Scheduled,Battery storage,Grid,Storage,Battery,Jan-34,Y,WANDB1,123,100,40,123,100,40,150,
South Australian Water Corporation,Bolivar Waste Water Treatment Plant,SA1,Generating Unit,Market,Non-Scheduled,Fossil,Diesel,Combustion,Compression Reciprocating Engine,1,N,BOWWDG1,0.66,0.65,-,,,,,
South Australian Water Corporation,Bolivar Waste Water Treatment Plant,SA1,Generating Unit,Market,Semi-Scheduled,Solar,Solar,Renewable,Photovoltaic Tracking Flat panel,1-Mar,Y,BOWWPV1,8.25,6,2,,,,,
Bomen Solar Farm Pty Ltd as trustee for Bomen SF Trust,Bomen Solar Farm,NSW1,Generating Unit,Market,Semi-Scheduled,Solar,Solar,Renewable,Photovoltaic Tracking Flat panel,Jan-44,Y,BOMENSF1,121,100,18,,,,,
Berrybank 2 Asset Pty Ltd as trustee for Berrybank 2 Asset Trust,Queanbeyan BESS,NSW1,Bidirectional Unit,Market,Scheduled,Battery storage,Grid,Storage,Battery and Inverter, 1-8,Y,QBYNB1,10,10,16,10,10,16,20,
Arrow Southern Generation Pty Ltd And Arrow Braemar 2 Pty Ltd,Braemar 2 Power Station,QLD1,Generating Unit,Market,Scheduled,Fossil,Coal Seam Methane,Combustion,Open Cycle Gas turbines (OCGT),5,Y,BRAEMAR5,173,173,35,,,,,
Arrow Southern Generation Pty Ltd And Arrow Braemar 2 Pty Ltd,Braemar 2 Power Station,QLD1,Generating Unit,Market,Scheduled,Fossil,Coal Seam Methane,Combustion,Open Cycle Gas turbines (OCGT),6,Y,BRAEMAR6,173,173,35,,,,,
Arrow Southern Generation Pty Ltd And Arrow Braemar 2 Pty Ltd,Braemar 2 Power Station,QLD1,Generating Unit,Market,Scheduled,Fossil,Coal Seam Methane,Combustion,Open Cycle Gas turbines (OCGT),7,Y,BRAEMAR7,173,173,35,,,,,
Braemar Power Project Pty Ltd,Braemar Power Station,QLD1,Generating Unit,Market,Scheduled,Fossil,Coal Seam Methane,Combustion,Open Cycle Gas turbines (OCGT),1,Y,BRAEMAR1,168,188,43,,,,,
Braemar Power Project Pty Ltd,Braemar Power Station,QLD1,Generating Unit,Market,Scheduled,Fossil,Coal Seam Methane,Combustion,Open Cycle Gas turbines (OCGT),2,Y,BRAEMAR2,168,188,43,,,,,
Braemar Power Project Pty Ltd,Braemar Power Station,QLD1,Generating Unit,Market,Scheduled,Fossil,Coal Seam Methane,Combustion,Open Cycle Gas turbines (OCGT),3,Y,BRAEMAR3,168,188,43,,,,,
Cape Byron Management Pty Ltd,Broadwater Power Station,NSW1,Generating Unit,Market,Non-Scheduled,Renewable/ Biomass / Waste,Bagasse,Combustion,Steam Sub-Critical,1-Feb,N,BWTR1,38,38,0,,,,,
Blyth Battery Pty Ltd as the Trustee for Blyth Battery Trust,Blyth Battery Energy Storage System,SA1,Bidirectional Unit,Market,Scheduled,Battery storage,Grid,Storage,Battery and Inverter,Jan-64,Y,BLYTHB1,281,200,80,281,200,80,400,
NSW Electricity Networks Operations Pty Ltd as a Trustee for the NSW Electricity Networks Operations Trust,Broken Hill Gas Turbines,NSW1,Generating Unit,Market,Non-Scheduled,Fossil,Diesel,Combustion,Open Cycle Gas turbines (OCGT),1-Feb,N,GB01,50,50,0,,,,,
PARF Company 6 Pty Ltd as The Trustee for Project Trust,Broken Hill Solar Plant,NSW1,Generating Unit,Market,Semi-Scheduled,Solar,Solar,Renewable,Photovoltaic Flat panel,Jan-80,N,BROKENH1,53.76,53,20,,,,,
EDL LFG (Vic) Pty Ltd,Brooklyn LFG U1-3,VIC1,Generating Unit,Market,Non-Scheduled,Renewable/ Biomass / Waste,Landfill Methane / Landfill Gas,Combustion,Spark Ignition Reciprocating Engine,1-Mar,N,BROOKLYN,2.83,3,0,,,,,
Hydro Power Pty Limited,Brown Mountain Hydro Power Station,NSW1,Generating Unit,Market,Non-Scheduled,Hydro,Water,Renewable,Hydro - Gravity,1-Jun,Y,BROWNMT,5,6,0,,,,,
EDL LFG (Qld) Pty Ltd,Browns Plains Landfill Gas PS,QLD1,Generating Unit,Market,Non-Scheduled,Renewable/ Biomass / Waste,Landfill Methane / Landfill Gas,Combustion,Spark Ignition Reciprocating Engine,1-Feb,N,BPLANDF1,2,2,1,,,,,
Bouldercombe Battery Project Co Pty Ltd as trustee for Bouldercombe Battery Project Trust,Bouldercombe Battery Project,QLD1,Bidirectional Unit,market,Scheduled,Battery storage,Grid,Storage,Battery and Inverter,Jan-40,Y,BBATTERY1,67,50,160,67,50,160,100,
Bulgana Wind Farm Pty Ltd,Bulgana Green Power Hub,VIC1,Generating Unit,Market,Semi-Scheduled,Wind,Wind,Renewable,Wind - Onshore,Jan-56,Y,BULGANA1,204,204,41,,,,,
Bungala One Operations Pty Ltd as trustee for the Bungala One Operations Trust,Bungala One Solar Farm,SA1,Generating Unit,Market,Semi-Scheduled,Solar,Solar,Renewable,Photovoltaic Tracking Flat panel,Jan-54,Y,BNGSF1,135,110,25,,,,,
Bungala Two Operations Pty Ltd as trustee for the Bungala Two Operations Trust,Bungala Two Solar Farm,SA1,Generating Unit,Market,Semi-Scheduled,Solar,Solar,Renewable,Photovoltaic Tracking Flat panel,Jan-54,Y,BNGSF2,135,110,25,,,,,
AGL Hydro Partnership,Burrendong Hydro Power Station,NSW1,Generating Unit,Market,Non-Scheduled,Hydro,Water,Renewable,Hydro - Gravity,1,N,BDONGHYD,19,19,0,,,,,
GSP Energy Pty Ltd,Burrinjuck Hydro Power Station,NSW1,Generating Unit,Market,Non-Scheduled,Hydro,Water,Renewable,Hydro - Gravity,1-Mar,N,BURRIN,34,34,,,,,,
Hydro-Electric Corporation,Butlers Gorge Power Station,TAS1,Generating Unit,Market,Non-Scheduled,Hydro,Water,Renewable,Hydro - Gravity,1,N,BUTLERSG,14.4,15,,,,,,
Callide Power Trading Pty Limited,Callide C Nett Off,QLD1,Generating Unit,Market,Scheduled,Fossil,Black Coal,Combustion,Steam Super Critical,3,Y,CPP_3,466,466,84,,,,,
Callide Power Trading Pty Limited,Callide C Nett Off,QLD1,Generating Unit,Market,Scheduled,Fossil,Black Coal,Combustion,Steam Super Critical,4,Y,CPP_4,420,466,94,,,,,
CS Energy Limited,Callide Power Station,QLD1,Generating Unit,Market,Non-Scheduled,Fossil,Black Coal,Combustion,Steam Sub-Critical,1,N,-,25,30,0,,,,,
CS Energy Limited,Callide Power Station,QLD1,Generating Unit,Market,Scheduled,Fossil,Black Coal,Combustion,Steam Sub-Critical,1,Y,CALL_B_1,350,385,77,,,,,
CS Energy Limited,Callide Power Station,QLD1,Generating Unit,Market,Scheduled,Fossil,Black Coal,Combustion,Steam Sub-Critical,2,Y,CALL_B_2,350,385,77,,,,,
Canunda Power Pty Ltd,Canunda Wind Farm,SA1,Generating Unit,Market,Non-Scheduled*,Wind,Wind,Renewable,Wind - Onshore,Jan-23,Y,CNUNDAWF,46,46,10,,,,,
Bulgana Wind Farm Pty Ltd,Bulgana Green Power Hub,VIC1,Bidirectional Unit,Market,Scheduled,Battery storage,Grid,Storage,Battery,Jan-40,Y,BULBES1,24,20,8,24,20,8,34,
Iberdrola Australia Holdings Pty Limited,Capital East Solar Farm,NSW1,Generating Unit,Market,Non-Scheduled,Solar,Solar,Renewable,Photovoltaic Flat panel,1-Apr,N,CESF1,0.205,1,0,,,,,
Iberdrola Australia Holdings Pty Limited,Capital Wind Farm,NSW1,Generating Unit,Market,Non-Scheduled,Wind,Wind,Renewable,Wind - Onshore,Jan-67,N,CAPTL_WF,140,140,,,,,,
Hydro-Electric Corporation,Catagunya / Liapootah / Wayatinah Power Station,TAS1,Generating Unit,Market,Scheduled,Hydro,Water,Renewable,Hydro - Gravity,1-Aug,Y,LI_WY_CA,173.7,192,110,,,,,
Cathedral Rocks Wind Farm Pty Ltd,Cathedral Rocks,SA1,Generating Unit,Market,Non-Scheduled*,Wind,Wind,Renewable,Wind - Onshore,Jan-33,Y,CATHROCK,66,66,14,,,,,
Wild Cattle Hill Pty Ltd,Cattle Hill Wind Farm,TAS1,Generating Unit,Market,Semi-Scheduled,Wind,Wind,Renewable,Wind - Onshore,Jan-48,Y,CTHLWF1,148,144,6,,,,,
Hydro-Electric Corporation,Cethana Power Station,TAS1,Generating Unit,Market,Scheduled,Hydro,Water,Renewable,Hydro - Gravity,1,Y,CETHANA,85,100,40,,,,,
Pacific Hydro Challicum Hills Pty Ltd,Challicum Hills Wind Farm,VIC1,Generating Unit,Market,Non-Scheduled,Wind,Wind,Renewable,Wind - Onshore,Jan-35,Y,CHALLHWF,52.5,52,0,,,,,
AETV Pty Ltd,Chepstowe Wind Farm,VIC1,Generating Unit,Market,Non-Scheduled,Wind,Wind,Renewable,Wind - Onshore,1-Mar,N,CHPSTWF1,6.15,6,0,,,,,
Cherry Tree Wind Farm Pty Ltd as trustee for The Cherry Tree Project trust ,Cherry Tree Wind Farm,VIC1,Generating Unit,Market,Semi-Scheduled,Wind,Wind,Renewable,Wind - Onshore,Jan-16,Y,CHYTWF1,57.6,57,0,,,,,
Childers Solar Pty Ltd ATF The Childers Solar Trust,Childers Solar Farm,QLD1,Generating Unit,Market,Semi-Scheduled,Solar,Solar,Renewable,Photovoltaic Tracking Flat panel,Jan-37,Y,CHILDSF1,64.38,56,192,,,,,
Capital Battery Pty Ltd as Trustee for Capital Battery Trust,Capital Battery,NSW1,Bidirectional Unit,Market,Scheduled,Battery storage,Grid,Storage,Battery and Inverter,Jan-33,Y,CAPBES1,125,100,132,125,100,132,200,
CS Energy Limited,"Chinchilla BESS, Units 1-80",QLD1,Bidirectional Unit,Market,Scheduled,Battery storage,Grid,Storage,Battery and Inverter,Jan-80,Y,CHBESS1,134,100,40,134,100,40,200,
South Australian Water Corporation ,Christies Beach Wastewater Treatment Plant,SA1,Generating Unit,Market,Non-Scheduled,Renewable/ Biomass / Waste,Biogas - sludge,Combustion,Compression Reciprocating Engine,1,N,CBWWBG1,0.664,0.662,-,,,,,
South Australian Water Corporation ,Christies Beach Wastewater Treatment Plant,SA1,Generating Unit,Market,Non-Scheduled,Fossil,Diesel,Combustion,Compression Reciprocating Engine,1-Feb,N,CBWWDG1,2,1,-,,,,,
South Australian Water Corporation ,Christies Beach Wastewater Treatment Plant,SA1,Generating Unit,Market,Non-Scheduled,Fossil,Diesel,Combustion,Compression Reciprocating Engine,1,N,CBWWDG2,0.72,0.717,-,,,,,
South Australian Water Corporation ,Christies Beach Wastewater Treatment Plant,SA1,Generating Unit,Market,Non-Scheduled,Solar,Solar,Renewable,Photovoltaic Tracking Flat panel,1,N,CBWWPV1,2.75,2,-,,,,,
South Australian Water Corporation ,Christies Beach Wastewater Treatment Plant,SA1,Generating Unit,Market,Non-Scheduled,Solar,Solar,Renewable,Photovoltaic Tracking Flat panel,Jan-40,N,CBWWPV2,1.08,0.81,-,,,,,
Clare Solar Farm Pty Ltd,Clare Solar Farm,QLD1,Generating Unit,Market,Semi-Scheduled,Solar,Solar,Renewable,Photovoltaic Tracking Flat panel,Jan-69,Y,CLARESF1,110.262,100,12,,,,,
Stanwell Corporation Limited ,Clarke Creek Wind Farm,QLD1,Generating Unit,Market,Semi-Scheduled,Wind,Wind,Renewable,Wind - Onshore,Jan-77,Y,CLRKCWF1,345.5,338,68,,,,,
Stanwell Corporation Limited ,Clarke Creek Wind Farm,QLD1,Generating Unit,Market,Semi-Scheduled,Wind,Wind,Renewable,Wind - Onshore,78-100,Y,CLRKCWF2,103.5,101,21,,,,,
EDL LFG (Vic) Pty Ltd,Clayton Landfill Gas Power Station,VIC1,Generating Unit,Market,Non-Scheduled,Renewable/ Biomass / Waste,Landfill Methane / Landfill Gas,Combustion,Spark Ignition Reciprocating Engine,1-Nov,N,CLAYTON,11,11,0,,,,,
Pacific Hydro Clements Gap Pty Ltd,Clements Gap Wind Farm,SA1,Generating Unit,Market,Semi-Scheduled,Wind,Wind,Renewable,Wind - Onshore,Jan-27,N,CLEMGPWF,57,57,30,,,,,
Clermont Asset Co Pty Ltd ATF Clermont Solar Unit Trust,Clermont Solar Farm,QLD1,Generating Unit,Market,Semi-Scheduled,Solar,Solar,Renewable,Photovoltaic Tracking Flat panel,Jan-37,Y,CLERMSF1,92.5,75,90,,,,,
AGL Hydro Partnership,Clover Power Station,VIC1,Generating Unit,Market,Non-Scheduled,Hydro,Water,Renewable,Hydro - Gravity,1-Feb,Y,CLOVER,29,29,0,,,,,
Hydro-Electric Corporation,Cluny Power Station,TAS1,Generating Unit,Market,Non-Scheduled,Hydro,Water,Renewable,Hydro - Gravity,1,N,CLUNY,19,22,,,,,,
Energy Pacific (Vic) Pty Ltd,Codrington Wind Farm,VIC1,Generating Unit,Market,Non-Scheduled,Wind,Wind,Renewable,Wind - Onshore,Jan-14,N,CODRNGTON,18.2,18,0,,,,,
Enel Energy Australia Pty Ltd,Cohuna Solar Farm,VIC1,Generating Unit,Market,Semi-Scheduled,Solar,Solar,Renewable,Photovoltaic Tracking Flat panel,Jan-19,Y,COHUNSF1,31,27,6,,,,,
Coleambally Solar Pty Ltd,Coleambally Solar Farm,NSW1,Generating Unit,Market,Semi-Scheduled,Solar,Solar,Renewable,Photovoltaic Tracking Flat panel,Jan-90,Y,COLEASF1,180,150,30,,,,,
Collector Wind Farm Pty Ltd,Collector Wind Farm 1,NSW1,Generating Unit,Market,Semi-Scheduled,Wind,Wind,Renewable,Wind - Onshore,Jan-54,Y,COLWF01,226,219,44,,,,,
Braemar Power Project Pty Ltd ,Collinsville Solar PV Power Station,QLD1,Generating Unit,Market,Semi-Scheduled,Solar,Solar,Renewable,Photovoltaic Flat Panel,Jan-17,Y,CSPVPS1,42,40,8,,,,,
Snowy Hydro Limited,Colongra Power Station,NSW1,Generating Unit,Market,Scheduled,Fossil,Natural Gas,Combustion,Open Cycle Gas turbines (OCGT),1,Y,CG1,181,181,34,,,,,
Snowy Hydro Limited,Colongra Power Station,NSW1,Generating Unit,Market,Scheduled,Fossil,Natural Gas,Combustion,Open Cycle Gas turbines (OCGT),2,Y,CG2,181,181,34,,,,,
Snowy Hydro Limited,Colongra Power Station,NSW1,Generating Unit,Market,Scheduled,Fossil,Natural Gas,Combustion,Open Cycle Gas turbines (OCGT),3,Y,CG3,181,181,34,,,,,
Snowy Hydro Limited,Colongra Power Station,NSW1,Generating Unit,Market,Scheduled,Fossil,Natural Gas,Combustion,Open Cycle Gas turbines (OCGT),4,Y,CG4,181,181,34,,,,,
Columboola Solar Farm Nominees Pty Ltd as Trustee for Columboola Solar Farm Op Trust,Columboola Solar Farm,QLD1,Generating Unit,Market,Semi-Scheduled,Solar,Solar,Renewable,Photovoltaic Tracking Flat panel,Jan-79,Y,COLUMSF1,217,162,33,,,,,
QGC Sales Qld Pty Ltd,Condamine Power Station A,QLD1,Generating Unit,Market,Scheduled,Fossil,Natural Gas,Combustion,Combined Cycle Gas Turbine (CCGT),1-Mar,Y,CPSA,143,144,29,,,,,
Cape Byron Management Pty Ltd,Condong Power Station,NSW1,Generating Unit,Market,Non-Scheduled,Renewable/ Biomass / Waste,Bagasse,Combustion,Steam Sub-Critical,1,N,CONDONG1,30,30,,,,,,
Coonooer Bridge Wind Farm Pty Ltd,Coonooer Bridge Wind Farm,VIC1,Generating Unit,Market,Non-Scheduled,Wind,Wind,Renewable,Wind - Onshore,1,N,CBWF1,19.8,20,0,,,,,
PARF Company 10 Pty Limited as The Trustee for Coopers Gap Project Trust,Coopers Gap Wind Farm,QLD1,Generating Unit,Market,Semi-Scheduled,Wind,Wind,Renewable,Wind - Onshore,1-123,Y,COOPGWF1,452,440,100,,,,,
AGL Hydro Partnership,Copeton Hydro Power Station,NSW1,Generating Unit,Market,Non-Scheduled,Hydro,Water,Renewable,Hydro - Gravity,1,N,COPTNHYD,22.5,23,0,,,,,
Corowa Operationsco Pty Ltd As The Trustee For Corowa Operations Trust,Corowa Solar Farm,NSW1,Generating Unit,Market,Semi-Scheduled,Solar,Solar,Renewable,Photovoltaic Tracking Flat panel,Jan-22,Y,CRWASF1,36,30,6,,,,,
Crookwell Development Pty Ltd ,Crookwell 2 Wind Farm,NSW1,Generating Unit,Market,Semi-Scheduled,Wind,Wind,Renewable,Wind - Onshore,Jan-28,Y,CROOKWF2,96.04,91,100,,,,,
Crookwell 3 Development Pty Ltd,Crookwell 3 Wind Farm,NSW1,Generating Unit,Market,Semi-Scheduled,Wind,Wind,Renewable,Wind - Onshore,Jan-16,N,CROOKWF3,57,56,12,,,,,
Pacific Hydro Crowlands Pty Ltd ,Crowlands Wind Farm,VIC1,Generating Unit,Market,Semi-Scheduled,Wind,Wind,Renewable,Wind - Onshore,Jan-39,Y,CROWLWF1,79.95,79,39,,,,,
CRWF Nominees Pty Ltd As Trustee For The CRWF Trust,Crudine Ridge Wind Farm,NSW1,Generating Unit,Market,Semi-Scheduled,Wind,Wind,Renewable,Wind - Onshore, 1-37,Y,CRURWF1,141,138,27,,,,,
Culcairn Solar Farm Pty Ltd as trustee for Culcairn Solar Farm Trust,Culcairn Solar Farm,NSW1,Generating Unit,Market,Semi-Scheduled,Solar,Solar,Renewable,Photovoltaic Flat Panel,1-111,Y,CUSF1,466,350,70,,,,,
Cullerin Range Wind Farm Pty Ltd,Cullerin Range Wind Farm,NSW1,Generating Unit,Market,Non-Scheduled,Wind,Wind,Renewable,Wind - Onshore,Jan-15,N,CULLRGWF,30,30,,,,,,
CS Energy Limited,Greenbank BESS,QLD1,Bidirectional Unit,Market,Scheduled,Battery storage,Grid,Storage,Battery,1-108,Y,GREENB1,259.2,200,40,259.2,200,80,400,
Origin Energy Electricity Limited,Darling Downs Power Station,QLD1,Generating Unit,Market,Scheduled,Fossil,Natural Gas,Combustion,Combined Cycle Gas Turbine (CCGT),1-Apr,Y,DDPS1,644,663,10,,,,,
Darling Downs Solar Farm Pty Ltd ,Darling Downs Solar Farm,QLD1,Generating Unit,Market,Semi-Scheduled,Solar,Solar ,Renewable,Photovoltaic Flat Panel,Jan-44,Y,DDSF1,121,108,21,,,,,
EnergyAustralia Pty Ltd,Ballarat Battery Energy Storage System,VIC1,Bidirectional Unit,Market,Scheduled,Battery storage,Grid,Storage,Battery,Jan-17,Y,BALB1,30,30,720,30,30,720,30,
Darlington Point Solar Farm Pty Ltd ,Darlington Point Solar Farm,NSW1,Generating Unit,Market,Semi-Scheduled,Solar,Solar,Renewable,Photovoltaic Tracking Flat panel,1-108,Y,DARLSF1,324,275,55,,,,,
AGL Hydro Partnership,Dartmouth Power Station,VIC1,Generating Unit,Market,Scheduled,Hydro,Water,Renewable,Hydro - Gravity,1,Y,DARTM1,185,185,60,,,,,
Daydream Solar Farm Pty Ltd As The Trustee For The Daydream Solar Farm Trust,Daydream Solar Farm,QLD1,Generating Unit,Market,Semi-Scheduled,Solar,Solar,Renewable,Photovoltaic Tracking Flat panel,Jan-61,Y,DAYDSF1,167,150,165,,,,,
Hydro-Electric Corporation,Devils Gate Power Station,TAS1,Generating Unit,Market,Scheduled,Hydro,Water,Renewable,Hydro - Gravity,1,Y,DEVILS_G,60,67,40,,,,,
Y.E.S. Energy (SA) Pty Ltd,Diapur Wind Farm,VIC1,Generating Unit,Market,Non-Scheduled,Wind,Wind,Renewable,Wind - Onshore,1-Feb,N,DIAPURWF1,8,7,5,,,,,
Synergen Power Pty Limited,Dry Creek Gas Turbine Station,SA1,Generating Unit,Market,Scheduled,Fossil,Natural Gas,Combustion,Open Cycle Gas turbines (OCGT),1,Y,DRYCGT1,52,57,12,,,,,
Synergen Power Pty Limited,Dry Creek Gas Turbine Station,SA1,Generating Unit,Market,Scheduled,Fossil,Natural Gas,Combustion,Open Cycle Gas turbines (OCGT),2,Y,DRYCGT2,52,57,12,,,,,
Synergen Power Pty Limited,Dry Creek Gas Turbine Station,SA1,Generating Unit,Market,Scheduled,Fossil,Natural Gas,Combustion,Open Cycle Gas turbines (OCGT),3,Y,DRYCGT3,52,57,12,,,,,
Dulacca Energy Project Co Pty Ltd,Dulacca Wind Farm,QLD1,Generating Unit,Market,Semi-Scheduled,Wind,Wind,Renewable,Wind - Onshore,Jan-43,Y,DULAWF1,180,173,35,,,,,
Dundonnell Wind Farm Pty Ltd,Dundonnell Wind Farm,VIC1,Generating Unit,Market,Semi-Scheduled,Wind,Wind,Renewable,Wind - Onshore,Jan-40,Y,DUNDWF1,168,168,34,,,,,
Dundonnell Wind Farm Pty Ltd,Dundonnell Wind Farm,VIC1,Generating Unit,Market,Semi-Scheduled,Wind,Wind,Renewable,Wind - Onshore,41-51,Y,DUNDWF2,46,46,10,,,,,
Dundonnell Wind Farm Pty Ltd,Dundonnell Wind Farm,VIC1,Generating Unit,Market,Semi-Scheduled,Wind,Wind,Renewable,Wind - Onshore,52-80,Y,DUNDWF3,121,122,25,,,,,
LMS Energy Pty Ltd,Eastern Creek 2 Gas Utilisation Facility,NSW1,Generating Unit,Market,Non-Scheduled,Renewable/ Biomass / Waste,Landfill Methane / Landfill Gas,Combustion,Spark Ignition Reciprocating Engine,1-Jun,Y,EASTCRK2,6.738,6.738,-,,,,,
EDL LFG (NSW) Pty Ltd,Eastern Creek LFG PS Units 1-4,NSW1,Generating Unit,Market,Non-Scheduled,Renewable/ Biomass / Waste,Landfill Methane / Landfill Gas,Combustion,Spark Ignition Reciprocating Engine,1-Apr,N,EASTCRK,5.056,5,0,,,,,
Edenvale Solar Park Pty Ltd,Edenvale Solar Park,QLD1,Generating Unit,Market,Semi-Scheduled,Solar,Solar,Renewable,Photovoltaic Tracking Flat panel,Jan-72,Y,EDENVSF1,180,146,30,,,,,
AGL Hydro Partnership,Eildon Power Station,VIC1,Generating Unit,Market,Scheduled,Hydro,Water,Renewable,Hydro - Gravity,1-Feb,Y,EILDON1,60,60,20,,,,,
AGL Hydro Partnership,Eildon Power Station,VIC1,Generating Unit,Market,Scheduled,Hydro,Water,Renewable,Hydro - Gravity,3-Apr,Y,EILDON2,60,60,20,,,,,
Pacific Hydro Investments Pty Ltd,Eildon Power Station,VIC1,Generating Unit,Market,Non-Scheduled,Hydro,Water,Renewable,Run of River,1,N,EILDON3,4.5,5,0,,,,,
Lal Lal Wind Farms Nom Co Pty Ltd,Elaine Wind Farm,VIC1,Generating Unit,Market,Semi-Scheduled,Wind,Wind,Renewable,Wind - Onshore,Jan-22,Y,ELAINWF1,83.6,82,16,,,,,
Telstra Energy (Generation) Pty Ltd,Emerald Solar Park,QLD1,Generating Unit,Market,Semi-Scheduled,Solar,Solar,Renewable,Photovoltaic Tracking Flat panel,Jan-32,N,EMERASF1,88,72,165,,,,,
EnergyAustralia Pty Ltd,Darlington Point Energy Storage System,NSW1,Bidirectional Unit,Market,Scheduled,Battery storage,Grid,Storage,Battery and Inverter,Jan-16,Y,DPNTB1,25,25,10,25,25,10,50,
Origin Energy Electricity Limited,Eraring Power Station,NSW1,Generating Unit,Market,Scheduled,Fossil,Black Coal,Combustion,Steam Sub-Critical,1,Y,ER01,720,750,20,,,,,
Origin Energy Electricity Limited,Eraring Power Station,NSW1,Generating Unit,Market,Scheduled,Fossil,Black Coal,Combustion,Steam Sub-Critical,2,Y,ER02,720,750,20,,,,,
Origin Energy Electricity Limited,Eraring Power Station,NSW1,Generating Unit,Market,Scheduled,Fossil,Black Coal,Combustion,Steam Sub-Critical,3,Y,ER03,720,750,20,,,,,
Origin Energy Electricity Limited,Eraring Power Station,NSW1,Generating Unit,Market,Scheduled,Fossil,Black Coal,Combustion,Steam Sub-Critical,4,Y,ER04,720,750,20,,,,,
Origin Energy Electricity Limited,Eraring Power Station,NSW1,Generating Unit,Market,Non-Scheduled,Fossil,Diesel,Combustion,Open Cycle Gas turbines (OCGT),1,N,ERGT01,41.5,56,0,,,,,
Diamond Energy Pty Ltd,Ferguson North Wind Farm,VIC1,Generating Unit,Market,Non-Scheduled,Wind,Wind,Renewable,Wind - Onshore,1,N,FNWF1,4,3,0,,,,,
Y.E.S. Energy (SA) Pty Ltd,Ferguson South Wind Farm,VIC1,Generating Unit,Market,Non-Scheduled,Wind,Wind,Renewable,Wind - Onshore,2,N,FSWF1,8,7,0,,,,,
Finley Solar Farm Pty Ltd as trustee for the Finley Solar Trust,Finley Solar Farm,NSW1,Generating Unit,Market,Semi-Scheduled,Solar,Solar ,Renewable,Photovoltaic Tracking Flat Panel,99,Y,FINLYSF1,162.36,133,27,,,,,
Hydro-Electric Corporation,Fisher Power Station,TAS1,Generating Unit,Market,Scheduled,Hydro,Water,Renewable,Hydro - Gravity,1,Y,FISHER,43.2,46,30,,,,,
Iberdrola Australia Energy Markets Pty Limited,Flyers Creek Wind Farm,NSW1,Generating Unit,Market,Semi-Scheduled,Wind,Wind,Renewable,Wind - Onshore,Jan-38,N,FLYCRKWF,145,140,28,,,,,
Shell New Energies Australia Pty Ltd,Gangarri Solar Farm,QLD1,Generating Unit,Market,Semi-Scheduled,Solar,Solar,Renewable,Photovoltaic Tracking Flat Panel,Jan-54,Y,GANGARR1,162,120,24,,,,,
EnergyAustralia Pty Ltd,Gannawarra Energy Storage System,VIC1,Bidirectional Unit,Market,Scheduled,Battery storage,Grid,Storage,Battery,Jan-50,Y,GANNB1,30,30,400,30,30,400,49.85,
Gannawarra Solar Farm Pty Ltd,Gannawarra Solar Farm,VIC1,Generating Unit,Market,Semi-Scheduled,Solar,Solar,Renewable,Photovoltaic Tracking Flat panel,Jan-22,Y,GANNSF1,55,50,1000,,,,,
EDL CSM (QLD) Pty Ltd,German Creek Power Station,QLD1,Generating Unit,Market,Non-Scheduled,Fossil,Waste Coal Mine Gas,Combustion,Spark Ignition Reciprocating Engine,Jan-20,N,GERMCRK,44.976,45,0,,,,,
Enel Energy Australia Pty Ltd,Girgarre Solar Farm,VIC1,Generating Unit,Market,Semi-Scheduled,Solar,Solar,Renewable,Photovoltaic Tracking Flat panel,Jan-57,Y,GIRGSF,93.31,76,15,,,,,
CS Energy Limited,Gladstone Power Station,QLD1,Generating Unit,Market,Scheduled,Fossil,Black Coal,Combustion,Steam Sub-Critical,1,Y,GSTONE1,280,285,57,,,,,
CS Energy Limited,Gladstone Power Station,QLD1,Generating Unit,Market,Scheduled,Fossil,Black Coal,Combustion,Steam Sub-Critical,2,Y,GSTONE2,280,285,57,,,,,
CS Energy Limited,Gladstone Power Station,QLD1,Generating Unit,Market,Scheduled,Fossil,Black Coal,Combustion,Steam Sub-Critical,3,Y,GSTONE3,280,285,57,,,,,
CS Energy Limited,Gladstone Power Station,QLD1,Generating Unit,Market,Scheduled,Fossil,Black Coal,Combustion,Steam Sub-Critical,4,Y,GSTONE4,280,285,57,,,,,
CS Energy Limited,Gladstone Power Station,QLD1,Generating Unit,Market,Scheduled,Fossil,Black Coal,Combustion,Steam Sub-Critical,5,Y,GSTONE5,280,285,57,,,,,
CS Energy Limited,Gladstone Power Station,QLD1,Generating Unit,Market,Scheduled,Fossil,Black Coal,Combustion,Steam Sub-Critical,6,Y,GSTONE6,280,285,57,,,,,
AGL Hydro Partnership,Glenbawn Hydro Power Station,NSW1,Generating Unit,Market,Non-Scheduled,Hydro,Water,Renewable,Hydro - Gravity,1,N,GLBWNHYD,5.5,6,0,,,,,
Pacific Hydro Investments Pty Ltd,Glenmaggie Hydro Power Station,VIC1,Generating Unit,Market,Non-Scheduled,Hydro,Water,Renewable,Run of River,1,N,GLENMAG1,3.8,4,0,,,,,
EDL (OCI) Pty Limited,Glennies Creek Power Station,NSW1,Generating Unit,Market,Non-Scheduled,Fossil,Waste Coal Mine Gas,Combustion,Compression Reciprocating Engine,1-Dec,Y,GLENNCRK,12.78,12,0,,,,,
Glenrowan Solar Farm Pty Ltd as trustee for Glenrowan Solar Farm Trust,Glenrowan Solar Farm,VIC1,Generating Unit,Market,Semi-Scheduled,Solar,Solar,Renewable,Photovoltaic Tracking Flat Panel,Jan-30,N,GLENSF1,126,102,21,,,,,
Wirtgen Energy Glenrowan Pty Ltd,Glenrowan West Solar Farm,VIC1,Generating Unit,Market,Semi-Scheduled,Solar,Solar,Renewable,Photovoltaic Tracking Flat Panel,Jan-48,Y,GLRWNSF1,132,110,22,,,,,
Golden Plains WF1 Pty Ltd as Trustee for the Golden Plains WF1 Unit Trust,Golden Plains Wind Farm East,VIC1,Generating Unit,Market,Semi-Scheduled,Wind,Wind,Renewable,Wind - Onshore,Jan-40,Y,GPWFEST1,248,240,48,,,,,
Golden Plains WF1 Pty Ltd as Trustee for the Golden Plains WF1 Unit Trust,Golden Plains Wind Farm East,VIC1,Generating Unit,Market,Semi-Scheduled,Wind,Wind,Renewable,Wind - Onshore,41-82,Y,GPWFEST2,260.4,253,51,,,,,
Golden Plains WF1 Pty Ltd as Trustee for the Golden Plains WF1 Unit Trust,Golden Plains Wind Farm East,VIC1,Generating Unit,Market,Semi-Scheduled,Wind,Wind,Renewable,Wind - Onshore,83-122,Y,GPWFEST3,248,240,48,,,,,
Goonumbla Asset Co Pty Ltd as the Trustee for Goonumbla Asset Trust ,Goonumbla Solar Farm,NSW1,Generating Unit,Market,Semi-Scheduled,Solar,Solar,Renewable,Photovoltaic Tracking Flat Panel,Jan-31,Y,GOONSF1,85,69,13,,,,,
Hydro-Electric Corporation,Gordon Power Station,TAS1,Generating Unit,Market,Scheduled,Hydro,Water,Renewable,Hydro - Gravity,1-Mar,Y,GORDON,432,450,180,,,,,
Goyder Wind Farm 1 Pty Ltd as the Trustee for Goyder Wind Farm 1 Trust,Goyder South Wind Farm 1A,SA1,Generating Unit,Market,Semi-Scheduled,Wind,Wind,Renewable,Wind - Onshore,Jan-38,N,GSWF1A,209,201,41,,,,,
Goyder Wind Farm 1B Pty Ltd as the Trustee for the Goyder Wind Farm 1B Trust,Goyder South Wind Farm 1B,SA1,Generating Unit,Market,Semi-Scheduled,Wind,Wind,Renewable,Wind - Onshore,Jan-37,N,GSWF1B1,203,196,40,,,,,
EDL LFG (NSW) Pty Ltd,Grange Avenue Landfill Gas Power Station,NSW1,Generating Unit,Market,Non-Scheduled,Renewable/ Biomass / Waste,Landfill Methane / Landfill Gas,Combustion,Spark Ignition Reciprocating Engine,1,N,GRANGEAV,2,2,0,,,,,
Granville Harbour Operations Pty Ltd as The Trustee for Granville Harbour Operations Trust,Granville Harbour Wind Farm,TAS1,Generating Unit,Market,Semi-Scheduled,Wind,Wind,Renewable,Wind - Onshore,Jan-31,Y,GRANWF1,110,111,22,,,,,
EnergyAustralia Pty Ltd,Riverena Energy Storage System 2,NSW1,Bidirectional Unit,Market,Scheduled,Battery storage,Grid,Storage,Battery and Inverter,Jan-52,Y,RIVNB2,65,65,26,65,65,26,130,
Griffith Solar Farm Pty Ltd,Griffith Solar Farm,NSW1,Generating Unit,Market,Non-Scheduled,Solar,Solar,Renewable,Photovoltaic Tracking Flat panel,1-Dec,Y,GRIFSF1,27.2,27,1,,,,,
EDL Projects (Australia) Pty Ltd,Grosvenor 1 Waste Coal Mine Gas Power Station,QLD1,Generating Unit,Market,Non-Scheduled,Fossil,Waste Coal Mine Gas,Combustion,Spark Ignition Reciprocating Engine,1-Jul,Y,GROSV1,21.287,21,0,,,,,
EDL Projects (Australia) Pty Ltd,Grosvenor 2,QLD1,Generating Unit,Market,Non-Scheduled,Fossil,Waste Coal Mine Gas,Combustion,Spark Ignition Reciprocating Engine,1-May,Y,GROSV2,15.205,15,0,,,,,
New Gullen Range Wind Farm Pty Ltd,Gullen Range Solar Farm,NSW1,Generating Unit,Market,Semi-Scheduled,Solar,Solar,Renewable,Photovoltaic Flat panel,1-Apr,Y,GULLRSF1,10,10,10,,,,,
New Gullen Range Wind Farm Pty Ltd,Gullen Range Wind Farm,NSW1,Generating Unit,Market,Semi-Scheduled,Wind,Wind,Renewable,Wind - Onshore,Jan-73,N,GULLRWF1,165,161,33,,,,,
New Gullen Range Wind Farm Pty Ltd,Gullen Range Wind Farm,NSW1,Generating Unit,Market,Semi-Scheduled,Wind,Wind,Renewable,Wind - Onshore,74-104,Y,GULLRWF2,110,107,22,,,,,
Gunnedah SF Pty Ltd as Trustee for Gunnedah Asset Trust,Gunnedah Solar Farm,NSW1,Generating Unit,Market,Semi-Scheduled,Solar,Solar,Renewable,Photovoltaic Tracking Flat panel,Jan-90,Y,GNNDHSF1,144,110,22,,,,,
Gunning Wind Energy Developments Pty Ltd,Gunning Wind Farm,NSW1,Generating Unit,Market,Semi-Scheduled,Wind,Wind,Renewable,Wind - Onshore,Jan-31,N,GUNNING1,46.5,47,47,,,,,
Snowy Hydro Limited,Guthega Power Station,NSW1,Generating Unit,Market,Scheduled,Hydro,Water,Renewable,Hydro - Gravity,1-Feb,Y,GUTHEGA,60,80,20,,,,,
LMS Energy Pty Ltd,Hallam Road Renewable Energy Facility,VIC1,Generating Unit,Market,Non-Scheduled,Renewable/ Biomass / Waste,Landfill Methane / Landfill Gas,Combustion,Spark Ignition Reciprocating Engine,1-Aug,N,HALAMRD1,8.984,9,0,,,,,
AGL SA Generation Pty Limited,Hallett 1 Wind Farm,SA1,Generating Unit,Market,Semi-Scheduled,Wind,Wind,Renewable,Wind - Onshore,Jan-45,N,HALLWF1,94.5,95,30,,,,,
AGL SA Generation Pty Limited,Hallett 2 Wind Farm,SA1,Generating Unit,Market,Semi-Scheduled,Wind,Wind,Renewable,Wind - Onshore,Jan-34,N,HALLWF2,71.4,71,30,,,,,
EnergyAustralia Yallourn Pty Ltd,Hallett Power Station,SA1,Generating Unit,Market,Scheduled,Fossil,Natural Gas / Diesel,Combustion,Open Cycle Gas turbines (OCGT),Jan-13,Y,AGLHAL,217,255,44,,,,,
Hamilton Solar Farm Pty Ltd,Hamilton Solar Farm,QLD1,Generating Unit,Market,Semi-Scheduled,Solar,Solar,Renewable,Photovoltaic Tracking Flat panel,,Y,HAMISF1,57.5,56,20,,,,,
Equis Energy (Australia) Projects (MREH A1 AssetCo) Pty Ltd as trustee for Equis Energy (Australia) MREH A1 Asset Trust,Melbourne Renewable Energy Hub Connection A1,VIC1,Bidirectional Unit,Market,Scheduled,Battery storage,Grid,Storage,Battery and Inverter,1-112,Y,MREHA1,215.8,200,80,215.8,200,80,400,
South Australian Water Corporation,Happy Valley Water Treatment Plant,SA1,Generating Unit,Market,Semi-Scheduled,Solar,Solar,Renewable,Photovoltaic Tracking Flat panel,1-Apr,Y,HVWWPV1,11,8,1,,,,,
Progressive Green Pty Ltd,Hastings Generation Site,VIC1,Generating Unit,Market,Non-Scheduled,Fossil,Ethane,Combustion,Open Cycle Gas turbines (OCGT),1,N,HASTING1,,,,,,,,
EnergyAustralia Ecogen Pty Ltd,"Jeeralang ""A"" Power Station",VIC1,Generating Unit,Market,Scheduled,Fossil,Natural Gas,Combustion,Open Cycle Gas turbines (OCGT),2,Y,JLA02,51,65,23,,,,,
EnergyAustralia Ecogen Pty Ltd,"Jeeralang ""A"" Power Station",VIC1,Generating Unit,Market,Scheduled,Fossil,Natural Gas,Combustion,Open Cycle Gas turbines (OCGT),3,Y,JLA03,51,65,23,,,,,
EnergyAustralia Ecogen Pty Ltd,"Jeeralang ""A"" Power Station",VIC1,Generating Unit,Market,Scheduled,Fossil,Natural Gas,Combustion,Open Cycle Gas turbines (OCGT),4,Y,JLA04,51,65,23,,,,,
EnergyAustralia Ecogen Pty Ltd,"Jeeralang ""B"" Power Station",VIC1,Generating Unit,Market,Scheduled,Fossil,Natural Gas,Combustion,Open Cycle Gas turbines (OCGT),1,Y,JLB01,76,100,20,,,,,
EnergyAustralia Ecogen Pty Ltd,"Jeeralang ""B"" Power Station",VIC1,Generating Unit,Market,Scheduled,Fossil,Natural Gas,Combustion,Open Cycle Gas turbines (OCGT),2,Y,JLB02,76,100,20,,,,,
EnergyAustralia Ecogen Pty Ltd,"Jeeralang ""B"" Power Station",VIC1,Generating Unit,Market,Scheduled,Fossil,Natural Gas,Combustion,Open Cycle Gas turbines (OCGT),3,Y,JLB03,76,100,20,,,,,
Diamond Energy Pty Ltd,Jemalong Solar Project,NSW1,Generating Unit,Market,Semi-Scheduled,Solar,Solar,Renewable,Photovoltaic Tracking Flat panel,Jan-20,Y,JEMALNG1,55,50,10,,,,,
Snowy Hydro Limited,Jindabyne Pump At Guthega  ,VIC1,Generating Unit,Non-Market,Non-Scheduled,,,,,1,N,-,70,70,,,,,,
Snowy Hydro Limited,Jindabyne Small Hydro Power Station,NSW1,Generating Unit,Market,Non-Scheduled,Hydro,Water,Renewable,Hydro - Gravity,1,N,JNDABNE1,1.1,1,,,,,,
Hydro-Electric Corporation,John Butters Power Station,TAS1,Generating Unit,Market,Scheduled,Hydro,Water,Renewable,Hydro - Gravity,1,Y,JBUTTERS,144,144,40,,,,,
Snowy Hydro Limited,Jounama Small Hydro Power Station,NSW1,Generating Unit,Market,Non-Scheduled,Hydro,Water,Renewable,Hydro - Gravity,1,N,JOUNAMA1,14,14,,,,,,
Junee Operationsco Pty Ltd Atf Junee Operations Trust,Junee Solar Farm,NSW1,Generating Unit,Market,Semi-Scheduled,Solar,Solar,Renewable,Photovoltaic Tracking Flat panel,Jan-22,Y,JUNEESF1,36,30,6,,,,,
Kaban Wind Farm Pty Ltd as trustee for Kaban Wind Farm Trust,Kaban Wind Farm,QLD1,Generating Unit,Market,Semi-Scheduled,Wind,Wind,Renewable,Wind - Onshore,Jan-28,Y,KABANWF1,156,152,30,,,,,
Iraak Sun Farm Pty Ltd,Karadoc Solar Farm,VIC1,Generating Unit,Market,Semi-Scheduled,Solar,Solar,Renewable,Photovoltaic Flat panel,Jan-38,Y,KARSF1,104,90,18,,,,,
CleanCo Queensland Limited,Kareeya Power Station,QLD1,Generating Unit,Market,Scheduled,Hydro,Water,Renewable,Run of River,1,Y,KAREEYA1,21,22,5,,,,,
CleanCo Queensland Limited,Kareeya Power Station,QLD1,Generating Unit,Market,Scheduled,Hydro,Water,Renewable,Run of River,2,Y,KAREEYA2,21,22,5,,,,,
CleanCo Queensland Limited,Kareeya Power Station,QLD1,Generating Unit,Market,Scheduled,Hydro,Water,Renewable,Run of River,3,Y,KAREEYA3,21,22,5,,,,,
CleanCo Queensland Limited,Kareeya Power Station,QLD1,Generating Unit,Market,Scheduled,Hydro,Water,Renewable,Run of River,4,Y,KAREEYA4,21,22,5,,,,,
CleanCo Queensland Limited,Kareeya Power Station,QLD1,Generating Unit,Market,Non-Scheduled,Hydro,Water,Renewable,Run of River,5,N,KAREEYA5,7,7,,,,,,
GSP Energy Pty Ltd,Keepit Hydro Power Station,NSW1,Generating Unit,Market,Non-Scheduled,Hydro,Water,Renewable,Hydro - Gravity,1,N,KEEPIT,6,8,,,,,,
Kennedy Energy Park Pty Ltd,Kennedy Energy Park,QLD1,Generating Unit,Market,Semi-Scheduled,Solar,Solar,Renewable,Photovoltaic Tracking Flat panel,1-Jun,Y,KEPSF1,16,15,3,,,,,
Kennedy Energy Park Pty Ltd,Kennedy Energy Park,QLD1,Generating Unit,Market,Semi-Scheduled,Wind,Wind,Renewable,Wind - Onshore,1-Dec,Y,KEPWF1,43,43,8,,,,,
Kennedy Energy Park Pty Ltd,Kennedy Energy Park Battery,QLD1,Generating Unit,Market,Non-Scheduled,Battery storage,Grid,Storage,Battery,1-Apr,Y,KEPBG1,2,2,0,,,,,
Kennedy Energy Park Pty Ltd,Kennedy Energy Park Battery,QLD1,Load,Market,Non-Scheduled,Battery storage,Grid,Storage,Battery,1-Apr,Y,KEPBL1,2,2,0,,,,,
Kerang Solar Plant Pty Ltd,Kerang Solar Plant,VIC1,Generating Unit,Market,Semi-Scheduled,Solar,Solar,Renewable,Photovoltaic Tracking Flat Panel,1-Sep,Y,KERNGSP1,37,30,6,37.8,30,6,,
KSF Project Nominees Pty Ltd As The Trustee For KSF Project Trust,Kiamal Solar Farm,VIC1,Generating Unit,Market,Semi-Scheduled,Solar,Solar,Renewable,Photovoltaic Tracking Flat Panel,1-150,Y,KIAMSF1,239,200,40,,,,,
Kiata ProjectCo Pty Ltd Atf Kiata Project Trust,Kiata Wind Farm,VIC1,Generating Unit,Market,Semi-Scheduled,Wind,Wind,Renewable,Wind - Onshore,1-Sep,N,KIATAWF1,31.05,31,37,,,,,
Diamond Energy Pty Ltd,Kidston Solar Project Phase One,QLD1,Generating Unit,Market,Semi-Scheduled,Solar,Solar,Renewable,Photovoltaic Flat panel,Jan-20,Y,KSP1,50,47.7,10,,,,,
Kingaroy Propertyco Pty Ltd as Trustee for Kingaroy Property Trust,Kingaroy Solar Farm,QLD1,Generating Unit,Market,Semi-Scheduled,Solar,Solar,Renewable,Photovoltaic Tracking Flat panel,Jan-29,N,KINGASF1,47,40,8,,,,,
CS Energy Limited,Kogan Creek Power Station,QLD1,Generating Unit,Market,Scheduled,Fossil,Black Coal,Combustion,Steam Super Critical,1,Y,KPP_1,744,781,157,,,,,
Hornsdale Power Reserve Pty Ltd,Hornsdale Power Reserve,SA1,Bidirectional Unit,Market,Scheduled,Battery storage,Wind,Storage,Battery and Inverter,1-294,N,HPR1,150,150,54,150,150,54,194,
Origin Energy Electricity Limited,Ladbroke Grove Power Station,SA1,Generating Unit,Market,Scheduled,Fossil,Natural Gas,Combustion,Open Cycle Gas turbines (OCGT),1,Y,LADBROK1,40,50,10,,,,,
Origin Energy Electricity Limited,Ladbroke Grove Power Station,SA1,Generating Unit,Market,Scheduled,Fossil,Natural Gas,Combustion,Open Cycle Gas turbines (OCGT),2,Y,LADBROK2,40,50,10,,,,,
Iberdrola Australia Wallgrove Pty Limited,Wallgrove BESS 1,NSW1,Bidirectional Unit,Market,Scheduled,Battery storage,Grid,Storage,Battery and Inverter,Jan-36,Y,WALGRV1,50,50,40,47,47,40,78,
Lake Bonney Wind Power Pty Ltd,Lake Bonney Stage 2 Windfarm,SA1,Generating Unit,Market,Semi-Scheduled,Wind,Wind,Renewable,Wind - Onshore,Jan-53,N,LKBONNY2,159,159,32,,,,,
Lake Bonney Wind Power Pty Ltd,Lake Bonney Stage 3 Wind Farm,SA1,Generating Unit,Market,Semi-Scheduled,Wind,Wind,Renewable,Wind - Onshore,Jan-13,N,LKBONNY3,39,39,32,,,,,
Lake Bonney Wind Power Pty Ltd,Lake Bonney Wind Farm Stage 1,SA1,Generating Unit,Market,Non-Scheduled*,Wind,Wind,Renewable,Wind - Onshore,Jan-46,Y,LKBONNY1,80.5,81,17,,,,,
Hydro-Electric Corporation,Lake Echo Power Station,TAS1,Generating Unit,Market,Scheduled,Hydro,Water,Renewable,Hydro - Gravity,1,Y,LK_ECHO,32.4,34,15,,,,,
Lake Bonney Wind Power Pty Ltd,Lake Bonney BESS1,SA1,Bidirectional Unit,Market,Scheduled,Battery storage,Grid,Storage,Battery,Jan-48,Y,LBB1,25,25,10,25,52,10,52,
Snowy Hydro Limited,Laverton North Power Station,VIC1,Generating Unit,Market,Scheduled,Fossil,Natural Gas,Combustion,Open Cycle Gas turbines (OCGT),1,Y,LNGS1,156,172,27,,,,,
Snowy Hydro Limited,Laverton North Power Station,VIC1,Generating Unit,Market,Scheduled,Fossil,Natural Gas,Combustion,Open Cycle Gas turbines (OCGT),2,Y,LNGS2,156,172,27,,,,,
Hydro-Electric Corporation,Lemonthyme / Wilmot Power Station,TAS1,Generating Unit,Market,Scheduled,Hydro,Water,Renewable,Hydro - Gravity,1-Feb,Y,LEM_WIL,81.6,86,25,,,,,
Ergon Energy Queensland Pty Ltd ,Lilyvale Solar Farm,QLD1,Generating Unit,Market,Semi-Scheduled,Solar,Solar,Renewable,Photovoltaic Tracking Flat panel,Jan-74,Y,LILYSF1,118,100,20,,,,,
Limondale Sun Farm Pty Ltd,Limondale Solar Farm 1,NSW1,Generating Unit,Market,Semi-Scheduled,Solar,Solar,Renewable,Photovoltaic Tracking Flat Panel,1-100,Y,LIMOSF11,275,220,44,,,,,
Limondale Sun Farm Pty Ltd,Limondale Solar Farm 1,NSW1,Load,Market,Scheduled,-,-,-,-,1,Y,LIMOSF11,20,20,0,,,,,
Limondale Sun Farm Pty Ltd,Limondale Solar Farm 2,NSW1,Generating Unit,Market,Semi-Scheduled,Solar,Solar,Renewable,Photovoltaic Tracking Flat Panel,Jan-14,Y,LIMOSF21,38,29,6,,,,,
Lincoln Gap Wind Farm (Operations) Pty Ltd,Lincoln Gap Wind Farm,SA1,Generating Unit,Market,Semi-Scheduled,Wind,Wind,Renewable,Wind - Onshore,Jan-35,Y,LGAPWF1,126,123,25,,,,,
Lincoln Gap Wind Farm (Operations) Pty Ltd,Lincoln Gap Wind Farm,SA1,Generating Unit,Market,Semi-Scheduled,Wind,Wind,Renewable,Wind - Onshore,36-59,Y,LGAPWF2,86,85,17,,,,,
Diamond Energy Pty Ltd,Longreach Solar Farm,QLD1,Generating Unit,Market,Non-Scheduled,Solar,Solar,Renewable,Photovoltaic Tracking Flat panel,1-Jul,Y,LRSF1,17,15,1000,,,,,
Snowy Hydro Limited,Lonsdale Power Station,SA1,Generating Unit,Market,Scheduled,Fossil,Diesel,Combustion,Compression Reciprocating Engine,Jan-18,Y,LONSDALE,20,21,10,,,,,
AGL Loy Yang Marketing Pty Ltd,Loy Yang A Power Station,VIC1,Generating Unit,Market,Scheduled,Fossil,Brown Coal,Combustion,Steam Sub-Critical,1,Y,LYA1,560,590,118,,,,,
AGL Loy Yang Marketing Pty Ltd,Loy Yang A Power Station,VIC1,Generating Unit,Market,Scheduled,Fossil,Brown Coal,Combustion,Steam Sub-Critical,2,Y,LYA2,530,535,108,,,,,
AGL Loy Yang Marketing Pty Ltd,Loy Yang A Power Station,VIC1,Generating Unit,Market,Scheduled,Fossil,Brown Coal,Combustion,Steam Sub-Critical,3,Y,LYA3,560,590,118,,,,,
AGL Loy Yang Marketing Pty Ltd,Loy Yang A Power Station,VIC1,Generating Unit,Market,Scheduled,Fossil,Brown Coal,Combustion,Steam Sub-Critical,4,Y,LYA4,560,580,116,,,,,
Alinta Energy Retail Sales Pty Ltd,Loy Yang B Power Station,VIC1,Generating Unit,Market,Scheduled,Fossil,Brown Coal,Combustion,Steam Sub-Critical,1,Y,LOYYB1,500,600,110,,,,,
Alinta Energy Retail Sales Pty Ltd,Loy Yang B Power Station,VIC1,Generating Unit,Market,Scheduled,Fossil,Brown Coal,Combustion,Steam Sub-Critical,2,Y,LOYYB2,500,600,110,,,,,
EDL LFG (NSW) Pty Ltd,Lucas Heights 2 Power Station,NSW1,Generating Unit,Market,Non-Scheduled,Renewable/ Biomass / Waste,Landfill Methane / Landfill Gas,Combustion,Compression Reciprocating Engine,Dec-15,N,LUCAS2S2,4.6,5,0,,,,,
EDL LFG (NSW) Pty Ltd,Lucas Heights 2 Power Station,NSW1,Generating Unit,Market,Non-Scheduled,Renewable/ Biomass / Waste,Landfill Methane / Landfill Gas,Combustion,Spark Ignition Reciprocating Engine,1-Nov,N,LUCASHGT,12.65,13,0,,,,,
AGL Hydro Partnership,Macarthur Wind Farm,VIC1,Generating Unit,Market,Semi-Scheduled,Wind,Wind,Renewable,Wind - Onshore,1-140,N,MACARTH1,420,420,90,,,,,
MacIntyre UJV Operator Pty Ltd,MacIntyre Wind Farm,QLD1,Generating Unit,Market,Semi-Scheduled,Wind,Wind,Renewable,Wind - Onshore,1-162,Y,MCINTYR1,923,890,178,,,,,
Hydro-Electric Corporation,Mackintosh Power Station,TAS1,Generating Unit,Market,Scheduled,Hydro,Water,Renewable,Hydro - Gravity,1,Y,MACKNTSH,79.9,89,40,,,,,
Manildra Prop Pty Ltd as The Trustee for the Manildra Asset Trust,Manildra solar Farm,NSW1,Generating Unit,Market,Semi-Scheduled,Solar,Solar,Renewable,Photovoltaic Flat panel,Jan-20,Y,MANSLR1,50,46,46,,,,,
South Australian Water Corporation  ,"Mannum - Adelaide Pipeline Pumping Station No 2, PV Units 1-6",SA1,Generating Unit,Market,Semi-Scheduled,Solar,Solar,Renewable,Photovoltaic Tracking Flat panel,1-Jun,Y,MAPS2PV1,16.5,13.4,3,,,,,
South Australian Water Corporation  ,"Mannum - Adelaide Pipeline Pumping Station No 3, PV Units 1-6",SA1,Generating Unit,Market,Semi-Scheduled,Solar,Solar,Renewable,Photovoltaic Tracking Flat panel,1-Jun,Y,MAPS3PV1,16.5,12.4,3,,,,,
Mannum Stage 2 SubCo Pty Ltd as The Trustee for Mannum Stage 2 Unit Trust,Mannum 2 Solar Farm,SA1,Generating Unit,Market,Semi-Scheduled,Solar,Solar,Renewable,Photovoltaic Tracking Flat panel,1-Nov,Y,MANNSF2,37,29,6,,,,,
Latrobe Valley BESS as the Trustee for Latrobe Valley BESS Project Trust,Latrobe Valley BESS,VIC1,Bidirectional Unit,Market,Scheduled,Battery storage,Grid,Storage,Battery and Inverter,Jan-32,Y,LVES1,140,100,40,140,100,40,200,
Alinta Energy Retail Sales Pty Ltd,Maroona Wind Farm,VIC1,Generating Unit,Market,Non-Scheduled,Wind,Wind,Renewable,Wind - Onshore,1-Feb,Y,MAROOWF1,6.8,6,4,,,,,
Diamond Energy Pty Ltd,Maryrorough Solar Farm,QLD1,Generating Unit,Market,Semi-Scheduled,Solar,Solar,Renewable,Photovoltaic Tracking Flat panel,1-Dec,Y,MARYRSF1,33,27,6,,,,,
Hydro-Electric Corporation,Meadowbank Power Station,TAS1,Generating Unit,Market,Scheduled,Hydro,Water,Renewable,Hydro - Gravity,1,Y,MEADOWBK,40,44,10,,,,,
Landfill Operations Pty Ltd,Melbourne Regional Landfill,VIC1,Generating Unit,Non-Market,Non-Scheduled,Renewable/ Biomass / Waste,Landfill Methane / Landfill Gas,Combustion,Spark Ignition Reciprocating Engine,1-Aug,N,-,8.88,8.88,,,,,,
 Equis Energy (Australia) Projects (MREH A3 AssetCo) Pty Ltd as The Trustee for Equis Energy (Australia) MREH A3 Asset Trust,Melbourne Renewable Energy Hub Connection A3,VIC1,Bidirectional Unit,Market,Scheduled,Battery storage,Grid,Storage,Battery and Inverter,1-220,Y,MREHA3,215.4,200,80,215.4,200,80,800,
Mannum Stage 2 Battery SubCo Pty Ltd as trustee for the Mannum Stage 2 Battery Unit Trust,Mannum Battery Energy Storage System,SA1,Bidirectional Unit,Market,Scheduled,Battery storage,Grid,Storage,Battery and Inverter,Jan-80,Y,MANNUMB1,131.7,100,40,131.7,100,40,200,
Mondo Metering Pty Ltd,Phillip Island BESS,VIC1,Bidirectional Unit,Market,Scheduled,Battery storage,Grid,Storage,Battery and Inverter,1-May,Y,PIBESS1,7,5,10,7,5,10,11.9264,
Metz ProjectCo Pty Ltd As The Trustee For Metz ProjectCo Trust,Metz Solar Farm,NSW1,Generating Unit,Market,Semi-Scheduled,Solar,Solar,Renewable,Photovoltaic Tracking Flat panel,Jan-54,Y,METZSF1,135,115,23,,,,,
Capricorn SF No1 Pty Ltd ,Middlemount Solar Farm,QLD1,Generating Unit,Market,Semi-Scheduled,Solar,Solar,Renewable,Photovoltaic Tracking Flat panel,1-Dec,N,MIDDLSF1,30,26,6,,,,,
Tasmanian Irrigation Pty Ltd,Midlands Power Station,TAS1,Generating Unit,Non-Market,Non-Scheduled,Hydro,Water,Renewable,Hydro - Gravity,1,N,-,6.078,7,0,,,,,
Millmerran Energy Trader Pty Ltd,Millmerran Power Plant,QLD1,Generating Unit,Market,Scheduled,Fossil,Black Coal,Combustion,Steam Super Critical,1,Y,MPP_1,426,435,10,,,,,
Millmerran Energy Trader Pty Ltd,Millmerran Power Plant,QLD1,Generating Unit,Market,Scheduled,Fossil,Black Coal,Combustion,Steam Super Critical,2,Y,MPP_2,426,435,10,,,,,
Synergen Power Pty Limited,Mintaro Gas Turbine Station,SA1,Generating Unit,Market,Scheduled,Fossil,Natural Gas,Combustion,Open Cycle Gas turbines (OCGT),1,Y,MINTARO,90,105,5,,,,,
EE Solar 6 Pty Ltd as trustee for EE Solar 6 Trust,Mokoan Solar Farm,VIC1,Generating Unit,Market,Semi-Scheduled,Solar,Solar,Renewable,Photovoltaic Tracking Flat panel,Jan-16,Y,MOKOSF1,58,46,10,,,,,
Molong Operationsco Pty Ltd As The Trustee For Molong Operations Trust,Molong Solar Farm,NSW1,Generating Unit,Market,Semi-Scheduled,Solar,Solar,Renewable,Photovoltaic Tracking Flat panel,Jan-22,Y,MOLNGSF1,36,30,6,,,,,
Moorabool Wind Farm Interface Company Pty Ltd,Moorabool Wind Farm ,VIC1,Generating Unit,Market,Semi-Scheduled,Wind,Wind,Renewable,Wind - Onshore,1-104,Y,MOORAWF1,312,305,30,,,,,
Moranbah Power Station No1 Pty Ltd,Moranbah Generation Project,QLD1,Generating Unit,Market,Non-Scheduled,Fossil,Coal Seam Methane,Combustion,Compression Reciprocating Engine,1-Aug,N,MORANBAH,12.56,13,,,,,,
EDL Projects (Australia) Pty Ltd,Moranbah North Waste Coal Mine Gas Power Station,QLD1,Generating Unit,Market,Non-Scheduled,Fossil,Waste Coal Mine Gas,Combustion,Spark Ignition Reciprocating Engine,Jan-21,N,MBAHNTH,63.42,63,0,,,,,
Moree Asset Co Pty Ltd as the trustee for Moree Asset Trust,Moree Solar Farm,NSW1,Generating Unit,Market,Semi-Scheduled,Solar,Solar,Renewable,Photovoltaic Tracking Flat panel,Jan-56,N,MOREESF1,57.064,56,60,,,,,
South Australian Water Corporation,Morgan-Whyalla Pipeline Pumping Station No 1,SA1,Generating Unit,Market,Semi-Scheduled,Solar,solar,Renewable,Photovoltaic Tracking Flat panel,1-Feb,Y,MWPS1PV1,5.5,4.6,1,,,,,
South Australian Water Corporation,Morgan-Whyalla Pipeline Pumping Station No 2,SA1,Generating Unit,Market,Semi-Scheduled,Solar,Solar,Renewable,Photovoltaic Tracking Flat panel,1-Feb,Y,MWPS2PV1,5.5,4.6,1,,,,,
South Australian Water Corporation,Morgan-Whyalla Pipeline Pumping Station No 3,SA1,Generating Unit,Market,Semi-Scheduled,Solar,Solar,Renewable,Photovoltaic Tracking Flat panel,1-Mar,Y,MWPS3PV1,7.5,6.2,2,,,,,
South Australian Water Corporation,Morgan-Whyalla Pipeline Pumping Station No 4,SA1,Generating Unit,Market,Semi-Scheduled,Solar,Solar,Renewable,Photovoltaic Tracking Flat panel,1-Feb,Y,MWPS4PV1,5.5,4.56,1,,,,,
Origin Energy Electricity Limited,Mortlake Power Station,VIC1,Generating Unit,Market,Scheduled,Fossil,Natural Gas,Combustion,Open Cycle Gas turbines (OCGT),1,Y,MORTLK11,283,292,50,,,,,
Origin Energy Electricity Limited,Mortlake Power Station,VIC1,Generating Unit,Market,Scheduled,Fossil,Natural Gas,Combustion,Open Cycle Gas turbines (OCGT),1,Y,MORTLK12,283,292,13,,,,,
Mortlake South Wind Farm Pty Ltd,Mortlake South Wind Farm,VIC1,Generating Unit,market,Semi-Scheduled,Wind,Wind,Renewable,Wind - Onshore,Jan-35,Y,MRTLSWF1,157.5,153,31,,,,,
Mortons Lane Windfarm Pty Limited,Mortons Lane Wind Farm,VIC1,Generating Unit,Market,Non-Scheduled,Wind,Wind,Renewable,Wind - Onshore,Jan-13,N,MLWF1,20,20,0,,,,,
Ergon Energy Queensland Pty Ltd ,Mount Emerald Wind Farm,QLD1,Generating Unit,Market,Semi-Scheduled,Wind,Wind,Renewable,Wind - Onshore,Jan-53,N,MEWF1,180,178,159,,,,,
Moura Solar Farm SPV Pty Ltd as the trustee for Moura Solar Farm Unit Trust,Moura Solar Farm,QLD1,Generating Unit,Market,Semi-Scheduled,Solar,Solar,Renewable,Photovoltaic Tracking Flat panel, 1-36,Y,MOUSF1,99,82,17,,,,,
Mt. Gellibrand Wind Farm Pty Ltd,Mt Gellibrand Wind Farm,VIC1,Generating Unit,Market,Semi-Scheduled,Wind,Wind,Renewable,Wind - Onshore,Jan-47,Y,MTGELWF1,138,132,400/200,,,,,
Mt Mercer Windfarm Pty Ltd,Mt Mercer Wind Farm,VIC1,Generating Unit,Market,Semi-Scheduled,Wind,Wind,Renewable,Wind - Onshore,Jan-64,N,MERCER01,131.2,131,33,,,,,
Mt Millar Wind Farm Pty Ltd,Mt Millar Wind Farm,SA1,Generating Unit,Market,Non-Scheduled*,Wind,Wind,Renewable,Wind - Onshore,Jan-35,Y,MTMILLAR,70,70,14,,,,,
EnergyAustralia Pty Ltd,Mt Piper Power Station,NSW1,Generating Unit,Market,Scheduled,Fossil,Black Coal,Combustion,Steam Sub-Critical,1,Y,MP1,700,700,25,,,,,
EnergyAustralia Pty Ltd,Mt Piper Power Station,NSW1,Generating Unit,Market,Scheduled,Fossil,Black Coal,Combustion,Steam Sub-Critical,2,Y,MP2,700,700,25,,,,,
Origin Energy Electricity Limited,Mt Stuart Power Station,QLD1,Generating Unit,Market,Scheduled,Fossil,Kerosene,Combustion,Open Cycle Gas turbines (OCGT),1,Y,MSTUART1,144,152,31,,,,,
Origin Energy Electricity Limited,Mt Stuart Power Station,QLD1,Generating Unit,Market,Scheduled,Fossil,Kerosene,Combustion,Open Cycle Gas turbines (OCGT),2,Y,MSTUART2,144,152,31,,,,,
Origin Energy Electricity Limited,Mt Stuart Power Station,QLD1,Generating Unit,Market,Scheduled,Fossil,Kerosene,Combustion,Open Cycle Gas turbines (OCGT),3,Y,MSTUART3,131,139,28,,,,,
Mugga Lane Solar Park Pty Ltd,Mugga Lane Solar Park,NSW1,Generating Unit,Market,Non-Scheduled,Solar,Solar,Renewable,Photovoltaic Tracking Flat panel,1,Y,MLSP1,12,12,0,,,,,
Telstra Energy (Generation) Pty Ltd,Murra Warra Wind Farm,VIC1,Generating Unit,Market,Semi-Scheduled,Wind,Wind,Renewable,Wind - Onshore,Jan-61,Y,MUWAWF1,231.8,225.7,45,,,,,
Murra Warra II Project Co Pty Ltd ATF The Murra Warra II Project Trust,Murra Warra Wind Farm Stage 2,VIC1,Generating Unit,Market,Semi-Scheduled,Wind,Wind,Renewable,Wind - Onshore,Jan-38,Y,MUWAWF2,209,203,40,,,,,
South Australian Water Corporation ,Murray Bridge-Onkaparinga Pipeline Pumping Station No 2,SA1,Generating Unit,Market,Semi-Scheduled,Solar,Solar,Renewable,Photovoltaic Tracking Flat panel,1-May,Y,MBPS2PV1,13.75,10.3,3,,,,,
Snowy Hydro Limited,Murray Power Station,VIC1,Generating Unit,Market,Scheduled,Hydro,Water,Renewable,Hydro - Gravity,Jan-14,Y,MURRAY,1500,1575,450,,,,,
Hydro-Electric Corporation,Musselroe Wind Farm,TAS1,Generating Unit,Market,Semi-Scheduled,Wind,Wind,Renewable,Wind - Onshore,Jan-56,N,MUSSELR1,168,168,168,,,,,
Dubbo Solar Hub Pty Ltd,Narromine Solar Farm,NSW1,Generating Unit,Market,Non-Scheduled,Solar,Solar,Renewable,Photovoltaic Tracking Flat panel,1-Apr,N,NASF1,10,9,0,,,,,
Nevertire Solar Pty Ltd as Trustee for Nevertire Solar Trust,Nevertire Solar Farm,NSW1,Generating Unit,Market,Semi-Scheduled,Solar,Solar,Renewable,Photovoltaic Tracking Flat panel,Jan-48,N,NEVERSF1,132,105,0,,,,,
New England Solar Farm as Trustee of the New England Solar Project Trust,New England Solar Farm,NSW1,Generating Unit,Market,Semi-Scheduled,Solar,Solar,Renewable,Photovoltaic Tracking Flat panel,1-144,Y,NEWENSF1,235,200,40,,,,,
New England Solar Farm as Trustee of the New England Solar Project Trust,New England Solar Farm,NSW1,Generating Unit,Market,Semi-Scheduled,Solar,Solar,Renewable,Photovoltaic Tracking Flat panel,145-288,Y,NEWENSF2,235,200,40,,,,,
EnergyAustralia Ecogen Pty Ltd,Newport Power Station,VIC1,Generating Unit,Market,Scheduled,Fossil,Natural Gas,Combustion,Steam Sub-Critical,1,Y,NPS,500,510,20,,,,,
AGL SA Generation Pty Limited,North Brown Hill Wind Farm,SA1,Generating Unit,Market,Semi-Scheduled,Wind,Wind,Renewable,Wind - Onshore,Jan-63,N,NBHWF1,132.3,132,30,,,,,
Numurkah Solar Farm Pty Ltd,Numurkah Solar Farm,VIC1,Generating Unit,Market,Semi-Scheduled,Solar,Solar,Renewable,Photovoltaic Tracking Flat panel,Jan-56,Y,NUMURSF1,112,100,20,,,,,
PARF Company 6 Pty Ltd as The Trustee for Project Trust,Nyngan Solar Plant,NSW1,Generating Unit,Market,Semi-Scheduled,Solar,Solar,Renewable,Photovoltaic Flat panel,1-154,N,NYNGAN1,102.141,102,20,,,,,
Diamond Energy Pty Ltd,Oakey 1 Solar Farm,QLD1,Generating Unit,Market,Semi-Scheduled,Solar,Solar,Renewable,Photovoltaic Tracking Flat panel,1-Dec,Y,OAKEY1SF,30,25,1000,,,,,
Diamond Energy Pty Ltd,Oakey 2 Solar Farm,QLD1,Generating Unit,Market,Semi-Scheduled,Solar,Solar,Renewable,Photovoltaic Tracking Flat panel,Jan-26,Y,OAKEY2SF,65,55,32,,,,,
Shell Energy Retail Pty Ltd,Oakey Power Station,QLD1,Generating Unit,Market,Scheduled,Fossil,Natural Gas,Combustion,Open Cycle Gas turbines (OCGT),1,Y,OAKEY1,141,173,30,,,,,
Shell Energy Retail Pty Ltd,Oakey Power Station,QLD1,Generating Unit,Market,Scheduled,Fossil,Natural Gas,Combustion,Open Cycle Gas turbines (OCGT),2,Y,OAKEY2,141,173,30,,,,,
AGL Hydro Partnership,Oaklands Hill Wind Farm,VIC1,Generating Unit,Market,Semi-Scheduled,Wind,Wind,Renewable,Wind - Onshore,Jan-32,N,OAKLAND1,67,63,30,,,,,
EDL (OCI) Pty Limited,Oaky Creek 2,QLD1,Generating Unit,Market,Non-Scheduled,Fossil,Waste Coal Mine Gas,Combustion,Spark Ignition Reciprocating Engine,1-May,Y,OAKY2,15,15,0,,,,,
EDL (OCI) Pty Limited,Oaky Creek Power Station,QLD1,Generating Unit,Market,Non-Scheduled,Fossil,Coal Seam Methane,Combustion,Compression Reciprocating Engine,Jan-16,Y,OAKYCREK,20,20,,,,,,
Origin Energy Electricity Limited,Osborne Power Station,SA1,Generating Unit,Market,Scheduled,Fossil,Natural Gas,Combustion,Combined Cycle Gas Turbine (CCGT),1-Feb,Y,OSB-AG,180,204,41,,,,,
Hydro-Electric Corporation,Paloona Power Station,TAS1,Generating Unit,Market,Non-Scheduled,Hydro,Water,Renewable,Hydro - Gravity,1,N,PALOONA,28,33,,,,,,
Parkes Solar Farm Pty Ltd,Parkes Solar Farm,NSW1,Generating Unit,Market,Semi-Scheduled,Solar,Solar,Renewable,Photovoltaic Flat panel,Jan-22,Y,PARSF1,55,50.5,1000,,,,,
Pelican Point Power Limited,Pelican Point Power Station,SA1,Generating Unit,Market,Scheduled,Fossil,Natural Gas,Combustion,Combined Cycle Gas Turbine (CCGT),1-Mar,Y,PPCCGT,478,522,20,,,,,
Munmorah Battery ProjectCo Pty Ltd ,Waratah Super Battery,NSW1,Bidirectional Unit,Market,Scheduled,Battery storage,Grid,Storage,Battery and Inverter,1-288,Y,WTAHB1,1095.84,850,340,1095.84,850,340,1679,
AGL Hydro Partnership,Pindari Hydro Power Station,NSW1,Generating Unit,Market,Non-Scheduled,Hydro,Water,Renewable,Hydro - Gravity,1,N,PINDARI,6.7,6,,,,,,
Pioneer Sugar Mills Pty Ltd,Pioneer Sugar Mill,QLD1,Generating Unit,Non-Market,Non-Scheduled,Renewable/ Biomass / Waste,Bagasse,Combustion,Steam Sub-Critical,1,N,-,67.78,68,,,,,,
Pioneer Sugar Mills Pty Ltd,Pioneer Sugar Mill,QLD1,Generating Unit,Non-Market,Non-Scheduled,Renewable/ Biomass / Waste,Bagasse,Combustion,Steam Sub-Critical,2,N,-,-,-,-,,,,,
Hydro-Electric Corporation,Poatina Power Station,TAS1,Generating Unit,Market,Scheduled,Hydro,Water,Renewable,Hydro - Gravity,1-Feb,Y,POAT110,100,124,20,,,,,
Hydro-Electric Corporation,Poatina Power Station,TAS1,Generating Unit,Market,Scheduled,Hydro,Water,Renewable,Hydro - Gravity,3-Jun,Y,POAT220,200,248,40,,,,,
Iberdrola Australia Energy Markets Pty Limited,Port Augusta Renewable Energy Park,SA1,Generating Unit,Market,Semi-Scheduled,Solar,Solar,Renewable,Photovoltaic Flat panel,Jan-36,Y,PAREPS1,99,77,15,,,,,
Iberdrola Australia Energy Markets Pty Limited,Port Augusta Renewable Energy Park,SA1,Generating Unit,Market,Semi-Scheduled,Wind,Wind,Renewable,Wind - Onshore,Jan-50,Y,PAREPW1,210,201,41,,,,,
Synergen Power Pty Limited,Port Lincoln Gas Turbine,SA1,Generating Unit,Market,Scheduled,Fossil,Diesel,Combustion,Open Cycle Gas turbines (OCGT),1-Feb,Y,POR01,50,55,6,,,,,
Synergen Power Pty Limited,Port Lincoln Gas Turbine,SA1,Generating Unit,Market,Scheduled,Fossil,Diesel,Combustion,Open Cycle Gas turbines (OCGT),PL3,Y,POR03,23.5,23,5,,,,,
Pacific Hydro Portland Wind Farm Pty Ltd,Portland Wind Farm,VIC1,Generating Unit,Non-Market,Non-Scheduled,Wind,Wind,Renewable,Wind - Onshore,74,N,-,148,148,0,,,,,
Snowy Hydro Limited,Pt Stanvac Power Station,SA1,Generating Unit,Market,Scheduled,Fossil,Diesel,Combustion,Compression Reciprocating Engine,Jan-36,Y,PTSTAN1,57.6,65,15,,,,,
Origin Energy Electricity Limited,Quarantine Power Station,SA1,Generating Unit,Market,Scheduled,Fossil,Natural Gas,Combustion,Open Cycle Gas turbines (OCGT),1,Y,QPS1,29,29.5,6,,,,,
Origin Energy Electricity Limited,Quarantine Power Station,SA1,Generating Unit,Market,Scheduled,Fossil,Natural Gas,Combustion,Open Cycle Gas turbines (OCGT),2,Y,QPS2,24,25,5,,,,,
Origin Energy Electricity Limited,Quarantine Power Station,SA1,Generating Unit,Market,Scheduled,Fossil,Natural Gas,Combustion,Open Cycle Gas turbines (OCGT),3,Y,QPS3,24,29.5,6,,,,,
Origin Energy Electricity Limited,Quarantine Power Station,SA1,Generating Unit,Market,Scheduled,Fossil,Natural Gas,Combustion,Open Cycle Gas turbines (OCGT),4,Y,QPS4,24,25,5,,,,,
Origin Energy Electricity Limited,Quarantine Power Station,SA1,Generating Unit,Market,Scheduled,Fossil,Natural Gas,Combustion,Open Cycle Gas turbines (OCGT),5,Y,QPS5,128,128,26,,,,,
Origin Energy Electricity Limited,Eraring Battery Energy Storage System,NSW1,Bidirectional Unit,Market,Scheduled,Battery storage,Grid,Storage,Battery,140,Y,ERB01 ,614.6,460,184,614.6,460,184,1073,
Berrybank 2 Asset Pty Ltd as trustee for Berrybank 2 Asset Trust,Queanbeyan BESS,NSW1,Generating Unit,Market,Scheduled,Battery storage,Grid,Storage,Battery and Inverter, 1-8,Y,QBYNBG1,10,10,8,,,,,
Berrybank 2 Asset Pty Ltd as trustee for Berrybank 2 Asset Trust,Queanbeyan BESS,NSW1,Load,Market,Scheduled,Battery storage,Grid,Storage,Battery and Inverter, 1-8,Y,QBYNBL1,10,10,8,,,,,
Mackay Sugar Limited,Racecourse Mill Power Station,QLD1,Generating Unit,Non-Market,Non-Scheduled,Renewable/ Biomass / Waste,Bagasse,Combustion,Steam Sub-Critical,1-Mar,N,RACOMIL1,48,48,0,,,,,
Shell Energy Retail Pty Ltd,Koorangie Energy Storage System,VIC1,Bidirectional Unit,Market,Scheduled,Battery storage,Grid,Storage,Battery and Inverter,1-100,Y,KESSB1,185,185,74,185,185,74,370,
Hydro-Electric Corporation,Reece Power Station,TAS1,Generating Unit,Market,Scheduled,Hydro,Water,Renewable,Hydro - Gravity,1,Y,REECE1,115.6,119,40,,,,,
Hydro-Electric Corporation,Reece Power Station,TAS1,Generating Unit,Market,Scheduled,Hydro,Water,Renewable,Hydro - Gravity,2,Y,REECE2,115.6,119,40,,,,,
Hydro-Electric Corporation,Repulse Power Station,TAS1,Generating Unit,Market,Non-Scheduled,Hydro,Water,Renewable,Hydro - Gravity,1,N,REPULSE,28,34,,,,,,
Shell Energy Retail Pty Ltd,Rangebank BESS,VIC1,Bidirectional Unit,Market,Scheduled,Battery storage,Grid,Storage,Battery and Inverter,Jan-64,Y,RANGEB1,260,200,80,260.8,200,80,400,
Shell Energy Retail Pty Ltd,Riverina Energy Storage System 1,NSW1,Bidirectional Unit,Market,Scheduled,Battery storage,Grid,Storage,Battery and Inverter,Jan-48,Y,RESS1,80,60,192,80,60,192,120,
W.H. Heck & Sons Proprietary Limited,Rocky Point Cogeneration Plant,QLD1,Generating Unit,Market,Non-Scheduled,Renewable/ Biomass / Waste,Bagasse,Combustion,Steam Sub-Critical,1,N,RPCG,30,30,0,,,,,
Origin Energy Electricity Limited,Roma Gas Turbine Station,QLD1,Generating Unit,Market,Scheduled,Fossil,Natural Gas,Combustion,Open Cycle Gas turbines (OCGT),7,Y,ROMA_7,40,42,9,,,,,
Origin Energy Electricity Limited,Roma Gas Turbine Station,QLD1,Generating Unit,Market,Scheduled,Fossil,Natural Gas,Combustion,Open Cycle Gas turbines (OCGT),8,Y,ROMA_8,40,42,9,,,,,
Ross River Operations Pty Ltd as the Trustee for the Ross River Operations Trust ,Ross River Solar Farm,QLD1,Generating Unit,Market,Semi-Scheduled,Solar,Solar,Renewable,Photovoltaic Tracking Flat panel,Jan-64,Y,RRSF1,128,116,696,,,,,
Hydro-Electric Corporation,Rowallan Power Station,TAS1,Generating Unit,Market,Non-Scheduled,Hydro,Water,Renewable,Hydro - Gravity,1,N,ROWALLAN,10.5,11,,,,,,
Royalla Solar Farm Pty Limited,Royalla Solar Farm,NSW1,Generating Unit,Market,Non-Scheduled,Solar,Solar,Renewable,Photovoltaic Flat panel,Jan-20,N,ROYALLA1,20,20,0,,,,,
AGL Hydro Partnership,Rubicon Mountain Streams Station,VIC1,Generating Unit,Market,Non-Scheduled,Hydro,Water,Renewable,Hydro - Gravity,1-May,Y,RUBICON,13,13,0,,,,,
Braemar Power Project Pty Ltd,Rugby Run Solar Farm,QLD1,Generating Unit,Market,Semi-Scheduled,Solar,Solar,Renewable,Photovoltaic Tracking Flat panel,Jan-25,N,RUGBYR1,83,65,17,,,,,
Ryan Corner Development Pty Ltd,Ryan Corner Wind Farm,VIC1,Generating Unit,Market,Semi-Scheduled,Wind,Wind,Renewable,Wind - Onshore,Jan-52,Y,RYANCWF1,218.4,205,41,,,,,
Rye Park Renewable Energy Pty Ltd as trustee for Rye Park Wind Farm Trust,Rye Park Renewable Energy,NSW1,Generating Unit,Market,Semi-Scheduled,Wind,Wind,Renewable,Wind - Onshore,Jan-66,Y,RYEPARK1,396,384,77,,,,,
Salt Creek Wind Farm Pty Ltd,Salt Creek Wind Farm,VIC1,Generating Unit,Market,Semi-Scheduled,Wind,Wind,Renewable,Wind - Onshore,Jan-15,Y,SALTCRK1,54,54,162,,,,,
The Trustee For The SWF1 Operations Trust,Sapphire Wind Farm,NSW1,Generating Unit,Market,Semi-Scheduled,Wind,Wind,Renewable,Wind - Onshore,Jan-75,Y,SAPHWF1,270,270,225,,,,,
Sebastopol Asset Co Pty Ltd as Trustee for the Sebastopol Asset Trust,Sebastopol Solar Farm,NSW1,Generating Unit,Market,Semi-Scheduled,Solar,Solar,Renewable,Photovoltaic Tracking Flat panel,Jan-40,Y,SEBSF1,110,90,18,,,,,
Diamond Energy Pty Ltd,Shepparton Wastewater Treatment Facility,VIC1,Generating Unit,Market,Non-Scheduled,Renewable/ Biomass / Waste,Sewerage / Waste Water,Combustion,Compression Reciprocating Engine,1,N,SHEP1,1.1,1,,,,,,
Origin Energy Electricity Limited,Shoalhaven Power Station (Bendeela And Kangaroo Valley Power Station And Pumps),NSW1,Generating Unit,Market,Scheduled,Hydro,Water,Renewable,Hydro - Gravity,1-Apr,Y,SHGEN,240,247,25,,,,,
Origin Energy Electricity Limited,Shoalhaven Power Station (Bendeela And Kangaroo Valley Power Station And Pumps),NSW1,Load,Market,Scheduled,-,-,-,-,1-Apr,Y,SHPUMP,240,240,12,,,,,
Shoalhaven Starches Pty Ltd,Shoalhaven Starches Cogeneration Plant,NSW1,Generating Unit,Non-Market,Non-Scheduled,Fossil,Natural Gas,Combustion,Open Cycle Gas turbines (OCGT),1-Feb,Y,SHOAL1,54,54,0,,,,,
PARF Company 8 Pty Ltd as The Trustee for Silverton Project Trust,Silverton Wind Farm,NSW1,Generating Unit,Market,Semi-Scheduled,Wind,Wind,Renewable,Wind - Onshore,Jan-58,Y,STWF1,198.94,198,50,,,,,
Smithfield Power Generation Pty Ltd,Smithfield Energy Facility,NSW1,Generating Unit,Market,Scheduled,Fossil,Natural Gas,Combustion,Combined Cycle Gas Turbine (CCGT),1-Mar,Y,SITHE01,125,125,25,,,,,
Port Adelaide Energy Pty Ltd,Snapper Point Power Station,SA1,Generating Unit,Market,Scheduled,Fossil,Diesel,Combustion,Open Cycle Gas turbines (OCGT),1-May,Y,SNAPPER1,154,150,30,,,,,
Snowtown Wind Farm Stage 2 Pty Ltd,Snowtown South Wind Farm,SA1,Generating Unit,Market,Semi-Scheduled,Wind,Wind,Renewable,Wind - Onshore,Jan-42,N,SNOWSTH1,126,126,50,,,,,
Snowtown Wind Farm Stage 2 Pty Ltd,Snowtown Wind Farm Stage 2 North,SA1,Generating Unit,Market,Semi-Scheduled,Wind,Wind,Renewable,Wind - Onshore,Jan-48,N,SNOWNTH1,144,144,50,,,,,
Snowtown Wind Farm Pty Ltd,Snowtown Wind Farm Units 1 And 47,SA1,Generating Unit,Market,Semi-Scheduled,Wind,Wind,Renewable,Wind - Onshore,Jan-47,N,SNOWTWN1,99,99,20,,,,,
Synergen Power Pty Limited,Snuggery Power Station,SA1,Generating Unit,Market,Scheduled,Fossil,Diesel,Combustion,Open Cycle Gas turbines (OCGT),1,Y,SNUG1,63,69,3,,,,,
Synergen Power Pty Limited,Snuggery Power Station,SA1,Generating Unit,Non-Market,Non-Scheduled,Fossil,Diesel,Combustion,Open Cycle Gas turbines (OCGT),1,N,SNUG2,21,21,,,,,,
Synergen Power Pty Limited,Snuggery Power Station,SA1,Generating Unit,Non-Market,Non-Scheduled,Fossil,Diesel,Combustion,Open Cycle Gas turbines (OCGT),1,N,SNUG3,21,21,,,,,,
Synergen Power Pty Limited,Snuggery Power Station,SA1,Generating Unit,Non-Market,Non-Scheduled,Fossil,Diesel,Combustion,Open Cycle Gas turbines (OCGT),1,N,SNUGNL1,21,21,,,,,,
AGL Hydro Partnership,Somerton Power Station,VIC1,Generating Unit,Market,Scheduled,Fossil,Natural Gas,Combustion,Open Cycle Gas turbines (OCGT),1-Apr,Y,AGLSOM,170,170,30,,,,,
Progressive Green Pty Ltd,South East Water - Halllam Hydro Plant,VIC1,Generating Unit,Market,Non-Scheduled,Hydro,Water,Renewable,Hydro - Gravity,1,N,HLMSEW01,0.25,1,,,,,,
Dubbo Solar Hub Pty Ltd,South Keswick Solar Farm,NSW1,Generating Unit,Market,Non-Scheduled,Solar,Solar,Renewable,Photovoltaic Tracking Flat panel,1-Jun,N,SKSF1,15,13,0,,,,,
Stanwell Corporation Limited,Stanwell Power Station,QLD1,Generating Unit,Market,Scheduled,Fossil,Black Coal,Combustion,Steam Sub-Critical,1,Y,STAN-1,365,385,77,,,,,
Stanwell Corporation Limited,Stanwell Power Station,QLD1,Generating Unit,Market,Scheduled,Fossil,Black Coal,Combustion,Steam Sub-Critical,2,Y,STAN-2,365,385,77,,,,,
Stanwell Corporation Limited,Stanwell Power Station,QLD1,Generating Unit,Market,Scheduled,Fossil,Black Coal,Combustion,Steam Sub-Critical,3,Y,STAN-3,365,385,77,,,,,
Stanwell Corporation Limited,Stanwell Power Station,QLD1,Generating Unit,Market,Scheduled,Fossil,Black Coal,Combustion,Steam Sub-Critical,4,Y,STAN-4,365,385,77,,,,,
LMS Energy Pty Ltd,Stapylton Renewable Energy Facility,QLD1,Generating Unit,Market,Non-Scheduled,Renewable/ Biomass / Waste,Landfill Methane / Landfill Gas,Combustion,Spark Ignition Reciprocating Engine,1-Apr,N,STAPYLTON1,3,3,,,,,,
Starfish Hill Wind Farm Pty Ltd,Starfish Hill Wind Farm,SA1,Generating Unit,Market,Non-Scheduled*,Wind,Wind,Renewable,Wind - Onshore,Jan-23,Y,STARHLWF,34.5,35,7,,,,,
Stockyard Hill Wind Farm Pty Ltd,Stockyard Hill Wind Farm,VIC1,Generating Unit,Market,Semi-Scheduled,Wind,Wind,Renewable,Wind - Onshore,1-149,Y,STOCKYD1,531,511,102,,,,,
Stubbo 1 Pty Ltd as The Trustee for Stubbo 1 Solar Project Trust,Stubbo Solar Farm 1,NSW1,Generating Unit,Market,Semi-Scheduled,Solar,Solar,Renewable,Photovoltaic Flat panel,1-156,Y,STUBSF1,255,202,41,,,,,
Stubbo 1 Pty Ltd as The Trustee for Stubbo 1 Solar Project Trust,Stubbo Solar Farm 2,NSW1,Generating Unit,Market,Semi-Scheduled,Solar,Solar,Renewable,Photovoltaic Flat panel,1-152,Y,STUBSF2,248,198,40,,,,,
Sun Metals Corporation Pty Ltd,Sun Metals Solar Farm,QLD1,Generating Unit,Market,Semi-Scheduled,Solar,Solar,Renewable,Photovoltaic Flat panel,Jan-52,Y,SMCSF1,143,121,25,,,,,
Sunraysia Solar Project Pty Ltd As Trustee For Sunraysia Solar Project Trust,SUNRAYSIA SF,NSW1,Generating Unit,Market,Semi-Scheduled,Solar,Solar,Renewable,Photovoltaic Flat panel,1-104,Y,SUNRSF1,228,200,40,,,,,
Suntop SF Pty Ltd as trustee for the Suntop Asset Trust,Suntop Solar Farm,NSW1,Generating Unit,Market,Semi-Scheduled,Solar,Solar,Renewable,Photovoltaic Tracking Flat panel,1-110,Y,SUNTPSF1,175,150,30,,,,,
Susan River Solar Pty Ltd as Trustee for Susan River Solar Trust,Susan River Solar Farm,QLD1,Generating Unit,Market ,Semi-Scheduled,Solar,Solar,Renewable,Photovoltaic Flat panel,Jan-49,N,SRSF1,85.26,75,255,,,,,
CleanCo Queensland Limited,Swanbank E Power Station ,QLD1,Generating Unit,Market,Scheduled,Fossil,Natural Gas,Combustion,Combined Cycle Gas Turbine (CCGT),1,Y,SWAN_E,385,385,77,,,,,
MP Tableland Green Power Pty Ltd,Tableland Mill Unit 2,QLD1,Generating Unit,Non-Market,Non-Scheduled,Renewable/ Biomass / Waste,Bagasse,Combustion,Steam Super Critical,1,N,TABMILL2,24,17,-,,,,,
EDL (TT) Pty Limited,Tahmoor Waste Coal Mine Gas Power Station,NSW1,Generating Unit,Market,Non-Scheduled,Fossil,Waste Coal Mine Gas,Combustion,Spark Ignition Reciprocating Engine,1-Jul,N,TAHMOOR1,7.042,7,0,,,,,
South Australian Water Corporation,Adelaide Desalination Plant,SA1,Bidirectional Unit,Market,Scheduled ,Battery storage,Grid,Storage,Battery and Inverter,"1,2-3",Y,ADPBA1,7.76,6.15,4,7,6,4,6,
Tailem Bend II Project Company Pty Ltd as trustee for the Tailem Bend II Project Trust,Tailem Bend 2 Hybrid Renewable Power Station,SA1,Generating Unit,Market,Semi-Scheduled,Solar,Solar,Renewable,Photovoltaic Flat Panel,Jan-29,Y,TB2SF1,105,87,18,,,,,
Vena Energy Services (Australia) Pty Ltd,Tailem Bend Solar Project 1,SA1,Generating Unit,Market,Semi-Scheduled,Solar,Solar,Renewable,Photovoltaic Flat Panel,Jan-54,Y,TBSF1,108,95,19,,,,,
EnergyAustralia Pty Ltd,Tallawarra Power Station,NSW1,Generating Unit,Market,Scheduled,Fossil,Natural Gas,Combustion,Combined Cycle Gas Turbine (CCGT),1,Y,TALWA1,440,480,88,,,,,
EnergyAustralia Pty Ltd,Tallawarra Power Station,NSW1,Generating Unit,Market,Scheduled,Fossil,Natural Gas,Combustion,Open Cycle Gas Turbine (OCGT),1,N,TALWB1,320,320,26,,,,,
Hydro-Electric Corporation,Tamar Valley Combined Cycle Power Station,TAS1,Generating Unit,Market,Scheduled,Fossil,Natural Gas,Combustion,Combined Cycle Gas Turbine (CCGT),1-Feb,Y,TVCC201,208.6,208,9,,,,,
Taralga Wind Farm Nominees No 2 Pty Ltd (ATF Taralga Wind Farm Operating Trust),Taralga Wind Farm,NSW1,Generating Unit,Market,Semi-Scheduled,Wind,Wind,Renewable,Wind - Onshore,Jan-51,N,TARALGA1,106.8,106,180,,,,,
South Australian Water Corporation,Bolivar Waste Water Treatment Plant,SA1,Bidirectional Unit,Market,Scheduled,Battery storage,Grid,Storage,Battery and Inverter,"1-3, 4-5",Y,BOWWBA1,3,2,2,3,2,2,2,
Stanwell Corporation Limited,Tarong North Power Station,QLD1,Generating Unit,Market,Scheduled,Fossil,Black Coal,Combustion,Steam Super Critical,1,Y,TNPS1,443,480,96,,,,,
Stanwell Corporation Limited,Tarong Power Station,QLD1,Generating Unit,Market,Scheduled,Fossil,Black Coal,Combustion,Steam Sub-Critical,1,Y,TARONG#1,350,385,77,,,,,
Stanwell Corporation Limited,Tarong Power Station,QLD1,Generating Unit,Market,Scheduled,Fossil,Black Coal,Combustion,Steam Sub-Critical,2,Y,TARONG#2,350,385,77,,,,,
Stanwell Corporation Limited,Tarong Power Station,QLD1,Generating Unit,Market,Scheduled,Fossil,Black Coal,Combustion,Steam Sub-Critical,3,Y,TARONG#3,350,385,77,,,,,
Stanwell Corporation Limited,Tarong Power Station,QLD1,Generating Unit,Market,Scheduled,Fossil,Black Coal,Combustion,Steam Sub-Critical,4,Y,TARONG#4,350,385,77,,,,,
Hydro-Electric Corporation,Tarraleah Power Station,TAS1,Generating Unit,Market,Scheduled,Hydro,Water,Renewable,Hydro - Gravity,1-Jun,Y,TARRALEA,90,94,60,,,,,
Enel X Australia Pty Ltd ,Tataria Bordertown Plant,SA1,Generating Unit,Market,Non-Scheduled,Fossil,Diesel,Combustion,Compression Reciprocating Engine,1,Y,TATIARA1,0.5,1,,,,,,
Diamond Energy Pty Ltd,Tatura Biomass Generator,VIC1,Generating Unit,Market,Non-Scheduled,Renewable/ Biomass / Waste,Sewerage / Waste Water,Combustion,Compression Reciprocating Engine,1,N,TATURA01,1.1,1,,,,,,
South Australian Water Corporation,Happy Valley Water Treatment Plant,SA1,Bidirectional Unit,Market,Scheduled,Battery storage,Grid,Storage,Battery and Inverter,"1-5,6-9",Y,HVWWBA1,5,4,2,5,4,2,4,
AGL SA Generation Pty Limited,The Bluff Wind Farm,SA1,Generating Unit,Market,Semi-Scheduled,Wind,Wind,Renewable,Wind - Onshore,Jan-25,N,BLUFF1,52.5,53,30,,,,,
Pacific Hydro Investments Pty Ltd,The Drop Power Station,NSW1,Generating Unit,Market,Non-Scheduled,Hydro,Water,Renewable,Run of River,1,N,THEDROP1,2.5,3,0,,,,,
Alinta Energy Retail Sales Pty Ltd,Timboon West Wind Farm,VIC1,Generating Unit,Market,Non-Scheduled,Wind,Wind,Renewable,Wind - Onshore,1-Feb,Y,TIMWEST,7.2,7.2,0,,,,,
Toora Wind Farm Pty Ltd,Toora Wind Farm,VIC1,Generating Unit,Market,Non-Scheduled,Wind,Wind,Renewable,Wind - Onshore,1-Dec,Y,TOORAWF,21,21,,,,,,
South Australian Water Corporation ,Christies Beach Wastewater Treatment Plant,SA1,Bidirectional Unit,Market,Scheduled,Battery storage,Grid,Storage,Battery and Inverter,1-May,Y,CBWWBA1,2.16,2.14,2,2,2,2,2,
AGL SA Generation Pty Limited,Torrens Island Power Station,SA1,Generating Unit,Market,Scheduled,Fossil,Natural Gas / Fuel Oil,Combustion,Steam Sub-Critical,1,Y,TORRB1,200,210,20,,,,,
AGL SA Generation Pty Limited,Torrens Island Power Station,SA1,Generating Unit,Market,Scheduled,Fossil,Natural Gas / Fuel Oil,Combustion,Steam Sub-Critical,2,Y,TORRB2,200,210,20,,,,,
AGL SA Generation Pty Limited,Torrens Island Power Station,SA1,Generating Unit,Market,Scheduled,Fossil,Natural Gas / Fuel Oil,Combustion,Steam Sub-Critical,3,Y,TORRB3,200,210,20,,,,,
AGL SA Generation Pty Limited,Torrens Island Power Station,SA1,Generating Unit,Market,Scheduled,Fossil,Natural Gas / Fuel Oil,Combustion,Steam Sub-Critical,4,Y,TORRB4,200,210,20,,,,,
EDL Group Operations Pty Ltd,Tower Power Plant,NSW1,Generating Unit,Market,Non-Scheduled,Fossil,Waste Coal Mine Gas,Combustion,Spark Ignition Reciprocating Engine,Jan-40,N,TOWER,41.2,41,0,,,,,
QPM Energy Markets Pty Ltd,Townsville Gas Turbine,QLD1,Generating Unit,Market,Scheduled,Fossil,Natural Gas,Combustion,Combined Cycle Gas Turbine (CCGT),1,Y,YABULU,160,174,17,,,,,
QPM Energy Markets Pty Ltd,Townsville Gas Turbine,QLD1,Generating Unit,Market,Scheduled,Fossil,Natural Gas,Combustion,Combined Cycle Gas Turbine (CCGT),2,Y,YABULU2,82,84,10,,,,,
NovaPower Pty Ltd,Traralgon Network Support Station,VIC1,Generating Unit,Market,Non-Scheduled,Fossil,Natural Gas,Combustion,Spark Ignition Reciprocating Engine,1-May,N,TGNSS1,10,10,0,,,,,
Hydro-Electric Corporation,Trevallyn Power Station,TAS1,Generating Unit,Market,Scheduled,Hydro,Water,Renewable,Hydro - Gravity,1,Y,TREVALLN,93,107,60,,,,,
Hydro-Electric Corporation,Tribute Power Station,TAS1,Generating Unit,Market,Scheduled,Hydro,Water,Renewable,Hydro - Gravity,1,Y,TRIBUTE,82.8,92,40,,,,,
Tully Sugar Limited,Tully Sugar Mill,QLD1,Generating Unit,Non-Market,Non-Scheduled,Renewable/ Biomass / Waste and Fossil,Bagasse and Diesel,Combustion,Steam Super Critical and Compression Reciprocating Engine,1-May,,TULLYSM1,32,10,0,,,,,
Snowy Hydro Limited,Tumut 3 Power Station,NSW1,Generating Unit,Market,Scheduled,Hydro,Water,Renewable,Hydro - Gravity,1-Jun,Y,TUMUT3,1500,1800,360,,,,,
Snowy Hydro Limited,Tumut 3 Pumps,NSW1,Load,Market,Scheduled*,Hydro,Water,Renewable,Hydro - Gravity,4-Jun,Y,SNOWYP,600,600,120,,,,,
Snowy Hydro Limited,Tumut Power Station,NSW1,Generating Unit,Market,Scheduled,Hydro,Water,Renewable,Hydro - Gravity,1-Aug,Y,UPPTUMUT,616,665,320,,,,,
Hydro-Electric Corporation,Tungatinah Power Station,TAS1,Generating Unit,Market,Scheduled,Hydro,Water,Renewable,Hydro - Gravity,"1, 2 & 5,3 & 4",Y,TUNGATIN,125,142,75,,,,,
Stanwell Corporation Limited,Tarong BESS,QLD1,Bidirectional Unit,Market,Scheduled,Battery storage,Grid,Storage,Battery and Inverter,1-164,Y,TARBESS1,393,300,120,393,300,120,600,
Origin Energy Electricity Limited,Uranquinty Power Station,NSW1,Generating Unit,Market,Scheduled,Fossil,Natural Gas,Combustion,Open Cycle Gas turbines (OCGT),1,Y,URANQ11,166,173,34,,,,,
Origin Energy Electricity Limited,Uranquinty Power Station,NSW1,Generating Unit,Market,Scheduled,Fossil,Natural Gas,Combustion,Open Cycle Gas turbines (OCGT),2,Y,URANQ12,166,173,34,,,,,
Origin Energy Electricity Limited,Uranquinty Power Station,NSW1,Generating Unit,Market,Scheduled,Fossil,Natural Gas,Combustion,Open Cycle Gas turbines (OCGT),3,Y,URANQ13,166,173,34,,,,,
Origin Energy Electricity Limited,Uranquinty Power Station,NSW1,Generating Unit,Market,Scheduled,Fossil,Natural Gas,Combustion,Open Cycle Gas turbines (OCGT),4,Y,URANQ14,166,173,34,,,,,
Diamond Energy Pty Ltd,Valdora Solar Farm,QLD1,Generating Unit,Market,Non-Scheduled,Solar,Solar,Renewable,Photovoltaic Flat panel,1,Y,VALDORA1,15,15,0,,,,,
Delta Electricity,"Vales Point ""B"" Power Station",NSW1,Generating Unit,Market,Scheduled,Fossil,Black Coal,Combustion,Steam Sub-Critical,5,Y,VP5,660,680,25,,,,,
Delta Electricity,"Vales Point ""B"" Power Station",NSW1,Generating Unit,Market,Scheduled,Fossil,Black Coal,Combustion,Steam Sub-Critical,6,Y,VP6,660,680,25,,,,,
Snowy Hydro Limited,Valley Power Peaking Facility,VIC1,Generating Unit,Market,Scheduled,Fossil,Natural Gas,Combustion,Open Cycle Gas turbines (OCGT),1-Jun,Y,VPGS1,50,60,11,,,,,
Snowy Hydro Limited,Valley Power Peaking Facility,VIC1,Generating Unit,Market,Scheduled,Fossil,Natural Gas,Combustion,Open Cycle Gas turbines (OCGT),2-Jun,Y,VPGS2,50,60,11,,,,,
Snowy Hydro Limited,Valley Power Peaking Facility,VIC1,Generating Unit,Market,Scheduled,Fossil,Natural Gas,Combustion,Open Cycle Gas turbines (OCGT),3-Jun,Y,VPGS3,50,60,11,,,,,
Snowy Hydro Limited,Valley Power Peaking Facility,VIC1,Generating Unit,Market,Scheduled,Fossil,Natural Gas,Combustion,Open Cycle Gas turbines (OCGT),4-Jun,Y,VPGS4,50,60,11,,,,,
Snowy Hydro Limited,Valley Power Peaking Facility,VIC1,Generating Unit,Market,Scheduled,Fossil,Natural Gas,Combustion,Open Cycle Gas turbines (OCGT),5-Jun,Y,VPGS5,50,60,11,,,,,
Snowy Hydro Limited,Valley Power Peaking Facility,VIC1,Generating Unit,Market,Scheduled,Fossil,Natural Gas,Combustion,Open Cycle Gas turbines (OCGT),6-Jun,Y,VPGS6,50,60,11,,,,,
Veolia Environmental Services (Australia) Pty Ltd,Veolia Ti Tree Bio Reactor,QLD1,Generating Unit,Market,Non-Scheduled,Renewable/ Biomass / Waste,Landfill Methane / Landfill Gas,Combustion,Compression Reciprocating Engine,1-Feb,N,TITREE,2,2,,,,,,
Wilmar Sugar Pty Ltd,Victoria Mill,QLD1,Generating Unit,Non-Market,Non-Scheduled,Renewable/ Biomass / Waste,Bagasse,Combustion,Steam Super Critical,3,N,-,24,24,0,,,,,
Wilmar Sugar Pty Ltd,Victoria Mill,QLD1,Generating Unit,Non-Market,Non-Scheduled,Renewable/ Biomass / Waste,Bagasse,Combustion,Steam Super Critical,4,N,-,-,-,-,,,,,
Tailem Bend II Project Company Pty Ltd as trustee for the Tailem Bend II Project Trust,Tailem Bend 2 Hybrid Renewable Power Station,SA1,Bidirectional Unit,Market,Scheduled,Battery storage,Grid,Storage,Battery and Inverter,Jan-14,Y,TB2B1,50,41,18,50,41,18,41,
Wagga Wagga Operationsco Pty Ltd Atf Wagga Wagga Operations Trust,Wagga North Solar Farm,NSW1,Generating Unit,Market,Semi-Scheduled,Solar,Solar,Renewable,Photovoltaic Tracking Flat Panel,Jan-34,Y,WAGGNSF1,55,48,10,,,,,
Walla Walla Asset Co Pty Ltd as Trustee for the Walla Walla Asset Trust,Walla Walla Solar Farm 1,NSW1,Generating Unit,Market,Semi-Scheduled,Solar,Solar,Renewable,Photovoltaic Flat Panel,Jan-48,Y,WLWLSF1,201.6,150,30,,,,,
Walla Walla Asset Co Pty Ltd as Trustee for the Walla Walla Asset Trust,Walla Walla Solar Farm 2,NSW1,Generating Unit,Market,Semi-Scheduled,Solar,Solar,Renewable,Photovoltaic Flat Panel,49-96,Y,WLWLSF2,201.6,150,30,,,,,
Ulinda Park ProjectCo Pty Ltd,Ulinda Park BESS,QLD1,Bidirectional Unit,Market,Scheduled,Battery storage,Grid,Storage,Battery and Inverter,Jan-52,Y,ULPBESS1,197,155,62,197,155,62,298,
Stanwell Corporation Limited,Wambo Wind Farm 1,QLD1,Generating Unit,Market,Semi-Scheduled,Wind,Wind,Renewable,Wind - Onshore,Jan-42,Y,WAMBOWF1,252,245,49,,,,,
Victorian Big Battery Pty Ltd,Victorian Big Battery,VIC1,Bidirectional Unit,Market,Scheduled,Battery storage,Grid,Storage,Battery and Inverter,1-212,Y,VBB1,360,300,110,360,250,110,450,
Wandoan Solar Project Co Pty Ltd as the Trustee for Wandoan Solar Project Trust,Wandoan Solar Farm 1,QLD1,Generating Unit,Market,Semi-Scheduled,Solar,Solar,Renewable,Photovoltaic Flat Panel,Jan-44,Y,WANDSF1,159,125,25,,,,,
CPE Mascot Pty Ltd,Wangaratta Solar Farm,VIC1,Generating Unit,Market,Non-Scheduled,Solar,Solar,Renewable,Photovoltaic Tracking Flat Panel,1-Jun,N,WNSF1,26.4,22,,,,,,
Western Downs BESS Pty Ltd as trustee for the Western Downs BESS Trust,Western Downs Battery Energy Storage System,QLD1,Bidirectional Unit,Market,Scheduled,Battery storage,Grid,Storage,Battery and Inverter,1-140,Y,WDBESS1,272.48,255,102,272.48,255,102,400,
The University of Queensland ,Warwick Solar Farm 1 ,QLD1,Generating Unit,Market,Semi-Scheduled,Solar,Solar,Renewable,Photovoltaic Flat Panel,Jan-24,Y,WARWSF1,39,32,7,,,,,
The University of Queensland ,Warwick Solar Farm 2,QLD1,Generating Unit,Market,Semi-Scheduled,Solar,Solar,Renewable,Photovoltaic Flat Panel,Jan-24,Y,WARWSF2,39,32,7,,,,,
Waterloo Wind Farm Pty Ltd,Waterloo Wind Farm,SA1,Generating Unit,Market,Semi-Scheduled,Wind,Wind,Renewable,Wind - Onshore,Jan-43,N,WATERLWF,130.8,130,27,,,,,
AGL SA Generation Pty Limited,Wattle Point Wind Farm,SA1,Generating Unit,Market,Non-Scheduled*,Wind,Wind,Renewable,Wind - Onshore,Jan-55,Y,WPWF,90.75,91,19,,,,,
Pyrenees Wind Energy Developments Pty Ltd,Waubra Wind Farm,VIC1,Generating Unit,Market,Non-Scheduled,Wind,Wind,Renewable,Wind - Onshore,1-128,N,WAUBRAWF,192,192,,,,,,
Wellington North Solar Farm Pty Limited,Wellington North Solar Farm,NSW1,Generating Unit,Market,Semi-Scheduled,Solar,Solar,Renewable,Photovoltaic Tracking Flat Panel,1-104,Y,WELNSF1,436,330,66,,,,,
Lightsource Australia SPV 4 Pty Ltd ,Wellington Solar Farm ,NSW1,Generating Unit,Market,Semi-Scheduled,Solar,Solar,Renewable,Photovoltaic Tracking Flat Panel,1-132,Y,WELLSF1,216,170,34,,,,,
Wemen Asset Co Pty Ltd As Trustee For Wemen Solar Unit Trust,Wemen Solar Farm,VIC1,Generating Unit,Market,Semi-Scheduled,Solar,Solar,Renewable,Photovoltaic Tracking Flat Panel,Jan-39,Y,WEMENSF1,97.5,88,90,,,,,
Enel X Australia Pty Ltd ,West Illawarra Leagues Club Plant,NSW1,Generating Unit,Market,Non-Scheduled,Fossil,Diesel,Combustion,Compression Reciprocating Engine,1-Feb,Y,WESTILL1,1,1,,,,,,
AGL Hydro Partnership,West Kiewa Power Station,VIC1,Generating Unit,Market,Scheduled,Hydro,Water,Renewable,Hydro - Gravity,WKIEWA1,Y,WKIEWA1,31,34,15,,,,,
AGL Hydro Partnership,West Kiewa Power Station,VIC1,Generating Unit,Market,Scheduled,Hydro,Water,Renewable,Hydro - Gravity,WKIEWA2,Y,WKIEWA2,31,34,15,,,,,
West Wyalong Fund Pty Ltd as Trustee for the West Wyalong Trust,West Wyalong Solar Farm,NSW1,Generating Unit,Market,Semi-Scheduled,Solar,Solar,Renewable,Photovoltaic Tracking Flat Panel,Jan-29,Y,WSTWYSF1,105,90,18,,,,,
ZEN Energy Retail Pty Ltd,Templers Battery Energy Storage System,SA1,Bidirectional Unit,Market,Scheduled,Battery Storage,Grid,Storage,Battery and Inverter,Jan-80,Y,TEMPB1,138,111,44,138,111,44,285,
Western Downs Green Power Hub Pty Ltd ATF Western Downs Green Power Hub Trust,Western Downs GPH,QLD1,Generating Unit,Market,Semi-Scheduled,Solar,Solar,Renewable,Photovoltaic Tracking Flat Panel,1-167,Y,WDGPH1,501,400,80,,,,,
White Rock Wind Farm Pty Ltd,White Rock Solar Farm,NSW1,Generating Unit,Market,Semi-Scheduled,Solar,Solar,Renewable,Photovoltaic Flat Panel,71-78,Y,WRSF1,22,20,50,,,,,
White Rock Wind Farm Pty Ltd,White Rock Wind Farm,NSW1,Generating Unit,Market,Semi-Scheduled,Wind,Wind,Renewable,Wind - Onshore,Jan-70,Y,WRWF1,175,172,50,,,,,
Whitsunday Solar Farm Pty Ltd,Whitsunday Solar Farm,QLD1,Generating Unit,Market,Semi-Scheduled,Solar,Solar,Renewable,Photovoltaic Tracking Flat Panel,Jan-23,Y,WHITSF1,57.5,56,20,,,,,
Origin Energy Electricity Limited,Whitwood Road Renewable Energy Facility,QLD1,Generating Unit,Market,Non-Scheduled,Renewable/ Biomass / Waste,Landfill Methane / Landfill Gas,Combustion,Compression Reciprocating Engine,1,N,WHIT1,1,1,0,,,,,
Santos NSW (Narrabri Power) Pty Ltd,Wilga Park B,NSW1,Generating Unit,Market,Non-Scheduled,Fossil,Coal Seam Methane,Combustion,Spark Ignition Reciprocating Engine,1-Apr,N,WILGB01,12,12,0,,,,,
Santos NSW (Narrabri Power) Pty Ltd,Wilga Park Power Station,NSW1,Generating Unit,Market,Non-Scheduled,Fossil,Coal Seam Methane,Combustion,Spark Ignition Reciprocating Engine,1-Jun,N,WILGAPK,10,10,0,,,,,
Pacific Hydro Investments Pty Ltd,William Hovell Power Station,VIC1,Generating Unit,Market,Non-Scheduled,Hydro,Water,Renewable,Run of River,1,N,WILLHOV1,1.5,2,0,,,,,
Willogoleche Power Pty Ltd As The Trustee For The Willogoleche Operating Trust,Willogoleche Wind Farm,SA1,Generating Unit,Market,Semi-Scheduled,Wind,Wind,Renewable,Wind - Onshore,Jan-32,Y,WGWF1,119,119,50,,,,,
Windy Hill Wind Farm Pty Ltd,Windy Hill Wind Farm,QLD1,Generating Unit,Market,Non-Scheduled,Wind,Wind,Renewable,Wind - Onshore,Jan-20,Y,WHILL1,12,12,,,,,,
EDL LFG (SA) Pty Ltd,Wingfield 1 Landfill Gas Power Station,SA1,Generating Unit,Market,Non-Scheduled,Renewable/ Biomass / Waste,Landfill Methane / Landfill Gas,Combustion,Spark Ignition Reciprocating Engine,1-Apr,N,WINGF1_1,4.12,5,0,,,,,
EDL LFG (SA) Pty Ltd,Wingfield 2 Landfill Gas Power Station,SA1,Generating Unit,Market,Non-Scheduled,Renewable/ Biomass / Waste,Landfill Methane / Landfill Gas,Combustion,Spark Ignition Reciprocating Engine,1-Apr,N,WINGF2_1,4.12,5,0,,,,,
Winton Asset Co Pty Ltd as the Trustee for Winton Asset Trust,Winton Solar Farm,VIC1,Generating Unit,Market,Semi-Scheduled,Solar,Solar,Renewable,Photovoltaic Tracking Flat Panel,1-1076,Y,WINTSF1,107,85,17,,,,,
CleanCo Queensland Limited,Wivenhoe Power Station,QLD1,Load,Market,Scheduled,-,-,-,-,1,Y,PUMP1,240,245,120,,,,,
CleanCo Queensland Limited,Wivenhoe Power Station,QLD1,Load,Market,Scheduled,-,-,-,-,2,Y,PUMP2,240,245,120,,,,,
CleanCo Queensland Limited,Wivenhoe Power Station,QLD1,Generating Unit,Market,Scheduled,Hydro,Water,Renewable,Pump Storage,1,Y,W/HOE#1,285,285,300,,,,,
CleanCo Queensland Limited,Wivenhoe Power Station,QLD1,Generating Unit,Market,Scheduled,Hydro,Water,Renewable,Pump Storage,2,Y,W/HOE#2,285,285,300,,,,,
Wollar Solar Development Pty Ltd,Wollar Solar Farm,NSW1,Generating Unit,Market,Semi-Scheduled,Solar,Solar,Renewable,Photovoltaic Tracking Flat panel,"1-29, 30-58",Y,WOLARSF1,324,280,56,,,,,
LMS Energy Pty Ltd,Wollert Renewable Energy Facility,VIC1,Generating Unit,Market,Non-Scheduled,Renewable/ Biomass / Waste,Landfill Methane / Landfill Gas,Combustion,Spark Ignition Reciprocating Engine,1-Jul,N,WOLLERT1,7,7,0,,,,,
Progressive Green Pty Ltd,Wonthaggi Wind Farm,VIC1,Generating Unit,Market,Non-Scheduled,Wind,Wind,Renewable,Wind - Onshore,1-Jun,Y,WONWP,12,12,,,,,,
EnergyAustralia Pty Ltd,Woodlawn Bioreactor Energy Generation Station,NSW1,Generating Unit,Market,Non-Scheduled,Renewable/ Biomass / Waste,Landfill Methane / Landfill Gas,Combustion,Compression Reciprocating Engine,1-Jul,N,WDLNGN01,7,7,,,,,,
Woodlawn Wind Pty Ltd,Woodlawn Wind Farm,NSW1,Generating Unit,Market,Semi-Scheduled,Wind,Wind,Renewable,Wind - Onshore,,N,WOODLWN1,48.3,48,13,,,,,
Hydro-Electric Corporation,Woolnorth Studland Bay / Bluff Point Wind Farm,TAS1,Generating Unit,Market,Non-Scheduled,Wind,Wind,Renewable,Wind - Onshore,Jan-62,Y,WOOLNTH1,140,140,,,,,,
Woolooga Fund Pty Ltd as Trustee for the Woolooga Trust ,Woolooga Solar Farm,QLD1,Generating Unit,Market,Semi-Scheduled,Solar,Solar,Renewable,Photovoltaic Tracking Flat panel,Jan-89,Y,WOOLGSF1,222.5,176,36,,,,,
Sun Spot 3 Pty Ltd,Wunghnu Solar Farm,VIC1,Generating Unit,Market,Semi-Scheduled,Solar,Solar,Renewable,Photovoltaic Tracking Flat panel,Jan-34,Y,WUNUSF1,93.5,75,15,,,15,,
Wyalong Solar Farm Pty Ltd as trustee for the Wyalong Solar Farm Unit Trust,Wyalong Solar Farm,NSW1,Generating Unit,Market,Semi-Scheduled,Solar,Solar,Renewable,Photovoltaic Tracking Flat panel,Jan-38,Y,WYASF1,62,53,11,,,,,
Hydro Power Pty Limited,Wyangala A Power Station,NSW1,Generating Unit,Market,Non-Scheduled,Hydro,Water,Renewable,Hydro - Gravity,1,N,WYANGALA,20,20,,,,,,
Hydro Power Pty Limited,Wyangala B Power Station,NSW1,Generating Unit,Market,Non-Scheduled,Hydro,Water,Renewable,Hydro - Gravity,1,N,WYANGALB,4,4,,,,,,
EnergyAustralia Yallourn Pty Ltd,Yallourn 'W' Power Station,VIC1,Generating Unit,Market,Scheduled,Fossil,Brown Coal,Combustion,Steam Sub-Critical,1,Y,YWPS1,360,395,79,,,,,
EnergyAustralia Yallourn Pty Ltd,Yallourn 'W' Power Station,VIC1,Generating Unit,Market,Scheduled,Fossil,Brown Coal,Combustion,Steam Sub-Critical,2,Y,YWPS2,360,395,79,,,,,
EnergyAustralia Yallourn Pty Ltd,Yallourn 'W' Power Station,VIC1,Generating Unit,Market,Scheduled,Fossil,Brown Coal,Combustion,Steam Sub-Critical,3,Y,YWPS3,380,405,81,,,,,
EnergyAustralia Yallourn Pty Ltd,Yallourn 'W' Power Station,VIC1,Generating Unit,Market,Scheduled,Fossil,Brown Coal,Combustion,Steam Sub-Critical,4,Y,YWPS4,380,405,81,,,,,
Pacific Hydro Yaloak South Pty Ltd,Yaloak South Wind Farm,VIC1,Generating Unit,Market,Non-Scheduled,Wind,Wind,Renewable,Wind - Onshore,Jan-14,Y,YSWF1,28.7,28,172,,,,,
Energy Pacific (Vic) Pty Ltd,Yambuk Wind Farm,VIC1,Generating Unit,Market,Non-Scheduled,Wind,Wind,Renewable,Wind - Onshore,Jan-20,N,YAMBUKWF,30,30,,,,,,
Yarranlea Solar Pty Ltd ,Yarranlea Solar Farm,QLD1,Generating Unit,Market,Semi-Scheduled,Solar,Solar,Renewable,Photovoltaic Tracking Flat panel,Jan-44,Y,YARANSF1,121,103,20,,,,,
AGL Hydro Partnership,Yarrawonga Hydro Power Station,VIC1,Generating Unit,Market,Non-Scheduled,Hydro,Water,Renewable,Hydro - Gravity,1-Feb,N,YWNGAHYD,9,9,0,,,,,
RTA Yarwun Pty Ltd,Yarwun Power Station,QLD1,Generating Unit,Market,Non-Scheduled**,Fossil,Natural Gas,Combustion,Combined Cycle Gas Turbine (CCGT),1,Y,YARWUN_1,154,180,36,,,,,
Yatpool Sun Farm Pty Ltd,Yatpool Solar Farm,VIC1,Generating Unit,Market,Semi-Scheduled,Solar,Solar,Renewable,Photovoltaic Tracking Flat panel,Jan-36,Y,YATSF1,94,81,16,,,,,
Alinta Energy Retail Sales Pty Ltd,Yawong Wind Farm,VIC1,Generating Unit,Market,Non-Scheduled,Wind,Wind,Renewable,Wind - Onshore,1-Feb,Y,YAWWF1,7.2,7.2,0,,,,,
Lal Lal Wind Farms Nom Co Pty Ltd,Yendon Wind Farm,VIC1,Generating Unit,Market,Semi-Scheduled,Wind,Wind,Renewable,Wind - Onshore,Jan-38,Y,YENDWF1,144.4,142,28,,,,,
